-- phpMyAdmin SQL Dump
-- version 5.2.1
-- https://www.phpmyadmin.net/
--
-- Host: localhost:3300
-- Generation Time: Jun 25, 2025 at 01:13 PM
-- Server version: 10.4.32-MariaDB
-- PHP Version: 8.2.12

SET SQL_MODE = "NO_AUTO_VALUE_ON_ZERO";
START TRANSACTION;
SET time_zone = "+00:00";


/*!40101 SET @OLD_CHARACTER_SET_CLIENT=@@CHARACTER_SET_CLIENT */;
/*!40101 SET @OLD_CHARACTER_SET_RESULTS=@@CHARACTER_SET_RESULTS */;
/*!40101 SET @OLD_COLLATION_CONNECTION=@@COLLATION_CONNECTION */;
/*!40101 SET NAMES utf8mb4 */;

--
-- Database: `student_management`
--

-- --------------------------------------------------------

--
-- Table structure for table `companies`
--

CREATE TABLE `companies` (
  `company_id` int(11) NOT NULL,
  `company_name` varchar(50) DEFAULT NULL,
  `cpa_needed` int(11) DEFAULT NULL,
  `required_scores` longtext CHARACTER SET utf8mb4 COLLATE utf8mb4_bin DEFAULT NULL CHECK (json_valid(`required_scores`)),
  `registered_students` longtext CHARACTER SET utf8mb4 COLLATE utf8mb4_bin DEFAULT NULL CHECK (json_valid(`registered_students`))
) ENGINE=InnoDB DEFAULT CHARSET=utf8mb4 COLLATE=utf8mb4_unicode_ci;

--
-- Dumping data for table `companies`
--

INSERT INTO `companies` (`company_id`, `company_name`, `cpa_needed`, `required_scores`, `registered_students`) VALUES
(1, 'Google', 8, '{\"CS101\":8,\"CS102\":7}', '[]'),
(2, 'Microsoft', 7, '{\"CS101\": 7, \"CS104\": 8}', '[]'),
(3, 'Amazon', 7, '{\"CS102\": 7.5, \"CS105\": 6.5}', '[]'),
(4, 'Facebook', 8, '{\"CS103\": 8, \"CS106\": 9}', '[]'),
(5, 'Tesla', 6, '{\"CS101\": 6, \"CS107\": 6}', '[]');

-- --------------------------------------------------------

--
-- Table structure for table `grades`
--

CREATE TABLE `grades` (
  `id` int(11) NOT NULL,
  `user_id` varchar(10) DEFAULT NULL,
  `subject_id` varchar(10) DEFAULT NULL,
  `semester_id` int(11) DEFAULT NULL,
  `score` float DEFAULT NULL CHECK (`score` >= 0 and `score` <= 10)
) ENGINE=InnoDB DEFAULT CHARSET=utf8mb4 COLLATE=utf8mb4_unicode_ci;

--
-- Dumping data for table `grades`
--

INSERT INTO `grades` (`id`, `user_id`, `subject_id`, `semester_id`, `score`) VALUES
(1, 'B20DCCN100', 'CS108', 20241, 8.42),
(2, 'B20DCCN100', 'CS105', 20241, 5.34),
(3, 'B20DCCN100', 'CS104', 20242, 9.36),
(4, 'B20DCCN101', 'CS104', 20231, 8.1),
(5, 'B20DCCN101', 'CS105', 20232, 5.81),
(6, 'B20DCCN101', 'CS102', 20232, 9),
(7, 'B20DCCN101', 'CS103', 20232, 7.35),
(8, 'B20DCCN102', 'CS101', 20242, 8.89),
(9, 'B20DCCN102', 'CS103', 20231, 8.55),
(10, 'B20DCCN102', 'CS105', 20241, 5.77),
(11, 'B20DCCN103', 'CS108', 20242, 9.24),
(12, 'B20DCCN103', 'CS105', 20242, 9.25),
(13, 'B20DCCN103', 'CS102', 20231, 9.89),
(14, 'B20DCCN104', 'CS103', 20232, 6.8),
(15, 'B20DCCN104', 'CS104', 20231, 7.21),
(16, 'B20DCCN104', 'CS107', 20232, 7.34),
(17, 'B20DCCN105', 'CS104', 20231, 5.21),
(18, 'B20DCCN105', 'CS107', 20232, 8.76),
(19, 'B20DCCN105', 'CS106', 20231, 8.43),
(20, 'B20DCCN105', 'CS108', 20231, 7.63),
(21, 'B20DCCN106', 'CS102', 20242, 5.6),
(22, 'B20DCCN106', 'CS103', 20241, 9.89),
(23, 'B20DCCN106', 'CS106', 20241, 9.5),
(24, 'B20DCCN106', 'CS107', 20231, 6.34),
(25, 'B20DCCN107', 'CS105', 20232, 5.7),
(26, 'B20DCCN107', 'CS108', 20241, 9.19),
(27, 'B20DCCN107', 'CS107', 20242, 7.26),
(28, 'B20DCCN108', 'CS105', 20231, 9.31),
(29, 'B20DCCN108', 'CS106', 20241, 9.71),
(30, 'B20DCCN108', 'CS107', 20241, 8.39),
(31, 'B20DCCN109', 'CS108', 20232, 9.51),
(32, 'B20DCCN109', 'CS101', 20231, 6.95),
(33, 'B20DCCN109', 'CS102', 20232, 6.38),
(34, 'B20DCCN109', 'CS103', 20241, 5.9),
(35, 'B20DCAT100', 'CS103', 20241, 8.57),
(36, 'B20DCAT100', 'CS107', 20241, 6.84),
(37, 'B20DCAT100', 'CS102', 20241, 7.78),
(38, 'B20DCAT101', 'CS106', 20231, 6.74),
(39, 'B20DCAT101', 'CS101', 20231, 9.06),
(40, 'B20DCAT101', 'CS105', 20242, 7.51),
(41, 'B20DCAT102', 'CS106', 20232, 7.78),
(42, 'B20DCAT102', 'CS108', 20232, 8.9),
(43, 'B20DCAT102', 'CS103', 20242, 6.36),
(44, 'B20DCAT103', 'CS107', 20231, 6),
(45, 'B20DCAT103', 'CS105', 20242, 7.65),
(46, 'B20DCAT103', 'CS103', 20232, 7.33),
(47, 'B20DCAT103', 'CS101', 20232, 9.24),
(48, 'B20DCAT104', 'CS106', 20241, 9.56),
(49, 'B20DCAT104', 'CS104', 20241, 7.88),
(50, 'B20DCAT104', 'CS103', 20242, 6.14),
(51, 'B20DCAT105', 'CS101', 20241, 7.89),
(52, 'B20DCAT105', 'CS102', 20241, 6.9),
(53, 'B20DCAT105', 'CS107', 20232, 5.59),
(54, 'B20DCAT105', 'CS106', 20232, 6.09),
(55, 'B20DCAT106', 'CS104', 20242, 6.32),
(56, 'B20DCAT106', 'CS108', 20232, 9.51),
(57, 'B20DCAT106', 'CS103', 20231, 6.66),
(58, 'B20DCAT106', 'CS101', 20232, 6.33),
(59, 'B20DCAT107', 'CS101', 20241, 8.1),
(60, 'B20DCAT107', 'CS105', 20232, 5.75),
(61, 'B20DCAT107', 'CS108', 20232, 7.39),
(62, 'B20DCAT108', 'CS105', 20241, 9.51),
(63, 'B20DCAT108', 'CS108', 20232, 8.25),
(64, 'B20DCAT108', 'CS103', 20241, 7.74),
(65, 'B20DCAT109', 'CS101', 20232, 7.07),
(66, 'B20DCAT109', 'CS104', 20242, 8.45),
(67, 'B20DCAT109', 'CS102', 20242, 7.68),
(68, 'B20DCAT109', 'CS108', 20232, 8.56),
(69, 'B20DCVT100', 'CS101', 20241, 5.25),
(70, 'B20DCVT100', 'CS103', 20241, 9.26),
(71, 'B20DCVT100', 'CS108', 20242, 6.92),
(72, 'B20DCVT100', 'CS107', 20231, 6.59),
(73, 'B20DCVT101', 'CS108', 20232, 6.13),
(74, 'B20DCVT101', 'CS101', 20242, 9.4),
(75, 'B20DCVT101', 'CS102', 20242, 7.89),
(76, 'B20DCVT102', 'CS108', 20232, 9.02),
(77, 'B20DCVT102', 'CS103', 20241, 7.51),
(78, 'B20DCVT102', 'CS102', 20242, 5.85),
(79, 'B20DCVT102', 'CS105', 20241, 9.18),
(80, 'B20DCVT103', 'CS107', 20231, 6.43),
(81, 'B20DCVT103', 'CS105', 20241, 9.29),
(82, 'B20DCVT103', 'CS102', 20241, 6.07),
(83, 'B20DCVT104', 'CS104', 20231, 6.4),
(84, 'B20DCVT104', 'CS107', 20231, 5.24),
(85, 'B20DCVT104', 'CS105', 20242, 5.23),
(86, 'B20DCVT104', 'CS106', 20232, 6.68),
(87, 'B20DCVT105', 'CS105', 20241, 6.76),
(88, 'B20DCVT105', 'CS108', 20241, 7),
(89, 'B20DCVT105', 'CS107', 20241, 5.31),
(90, 'B20DCVT106', 'CS103', 20232, 8.1),
(91, 'B20DCVT106', 'CS106', 20231, 9.28),
(92, 'B20DCVT106', 'CS104', 20231, 7.68),
(93, 'B20DCVT107', 'CS106', 20232, 9.64),
(94, 'B20DCVT107', 'CS101', 20242, 6.49),
(95, 'B20DCVT107', 'CS105', 20241, 9.32),
(96, 'B20DCVT108', 'CS107', 20232, 5.91),
(97, 'B20DCVT108', 'CS102', 20231, 8.93),
(98, 'B20DCVT108', 'CS106', 20242, 5.87),
(99, 'B20DCVT109', 'CS108', 20241, 7.9),
(100, 'B20DCVT109', 'CS105', 20232, 6.9),
(101, 'B20DCVT109', 'CS107', 20232, 9.98),
(102, 'B20DCVT109', 'CS101', 20241, 8.43),
(103, 'B20DCDT100', 'CS103', 20232, 6.79),
(104, 'B20DCDT100', 'CS101', 20232, 8.49),
(105, 'B20DCDT100', 'CS105', 20242, 5.24),
(106, 'B20DCDT100', 'CS108', 20242, 8.69),
(107, 'B20DCDT101', 'CS105', 20241, 6.57),
(108, 'B20DCDT101', 'CS101', 20232, 6.56),
(109, 'B20DCDT101', 'CS108', 20232, 5.42),
(110, 'B20DCDT101', 'CS107', 20241, 7.64),
(111, 'B20DCDT102', 'CS107', 20231, 9.16),
(112, 'B20DCDT102', 'CS103', 20232, 7.02),
(113, 'B20DCDT102', 'CS106', 20232, 7.48),
(114, 'B20DCDT103', 'CS102', 20241, 7.82),
(115, 'B20DCDT103', 'CS108', 20232, 6.31),
(116, 'B20DCDT103', 'CS107', 20241, 6.37),
(117, 'B20DCDT103', 'CS103', 20242, 7.03),
(118, 'B20DCDT104', 'CS106', 20242, 5.95),
(119, 'B20DCDT104', 'CS103', 20242, 5.67),
(120, 'B20DCDT104', 'CS105', 20241, 8.24),
(121, 'B20DCDT105', 'CS105', 20232, 5.36),
(122, 'B20DCDT105', 'CS104', 20241, 9.74),
(123, 'B20DCDT105', 'CS106', 20241, 7.94),
(124, 'B20DCDT105', 'CS101', 20232, 5.26),
(125, 'B20DCDT106', 'CS103', 20231, 9.26),
(126, 'B20DCDT106', 'CS102', 20241, 7.66),
(127, 'B20DCDT106', 'CS101', 20242, 9.83),
(128, 'B20DCDT107', 'CS108', 20232, 9.98),
(129, 'B20DCDT107', 'CS105', 20242, 8.82),
(130, 'B20DCDT107', 'CS103', 20241, 9.27),
(131, 'B20DCDT108', 'CS106', 20241, 9.51),
(132, 'B20DCDT108', 'CS108', 20242, 9.15),
(133, 'B20DCDT108', 'CS105', 20242, 5.26),
(134, 'B20DCDT108', 'CS104', 20232, 7.99),
(135, 'B20DCDT109', 'CS105', 20232, 6.92),
(136, 'B20DCDT109', 'CS101', 20231, 9.81),
(137, 'B20DCDT109', 'CS107', 20231, 9.14),
(138, 'B21DCCN100', 'CS102', 20241, 5.05),
(139, 'B21DCCN100', 'CS103', 20231, 6.37),
(140, 'B21DCCN100', 'CS101', 20231, 5.28),
(141, 'B21DCCN100', 'CS104', 20242, 8.84),
(142, 'B21DCCN101', 'CS103', 20232, 5.79),
(143, 'B21DCCN101', 'CS108', 20242, 8.58),
(144, 'B21DCCN101', 'CS106', 20231, 6.44),
(145, 'B21DCCN102', 'CS106', 20241, 6.67),
(146, 'B21DCCN102', 'CS102', 20232, 8.03),
(147, 'B21DCCN102', 'CS103', 20231, 9.38),
(148, 'B21DCCN102', 'CS108', 20242, 6.77),
(149, 'B21DCCN103', 'CS107', 20241, 5.17),
(150, 'B21DCCN103', 'CS102', 20241, 5.16),
(151, 'B21DCCN103', 'CS101', 20242, 6.33),
(152, 'B21DCCN104', 'CS104', 20232, 6.51),
(153, 'B21DCCN104', 'CS105', 20232, 6.75),
(154, 'B21DCCN104', 'CS102', 20242, 7.24),
(155, 'B21DCCN105', 'CS106', 20231, 5.92),
(156, 'B21DCCN105', 'CS101', 20241, 8.24),
(157, 'B21DCCN105', 'CS102', 20241, 5.52),
(158, 'B21DCCN105', 'CS107', 20231, 5.98),
(159, 'B21DCCN106', 'CS107', 20242, 6.11),
(160, 'B21DCCN106', 'CS102', 20231, 8.24),
(161, 'B21DCCN106', 'CS103', 20241, 5.45),
(162, 'B21DCCN107', 'CS105', 20241, 9.07),
(163, 'B21DCCN107', 'CS106', 20242, 5.17),
(164, 'B21DCCN107', 'CS107', 20232, 7.12),
(165, 'B21DCCN107', 'CS104', 20232, 5.34),
(166, 'B21DCCN108', 'CS103', 20241, 7.36),
(167, 'B21DCCN108', 'CS105', 20231, 6.41),
(168, 'B21DCCN108', 'CS104', 20242, 5.25),
(169, 'B21DCCN109', 'CS103', 20232, 7.75),
(170, 'B21DCCN109', 'CS108', 20231, 9.06),
(171, 'B21DCCN109', 'CS105', 20232, 5.28),
(172, 'B21DCAT100', 'CS104', 20242, 6.66),
(173, 'B21DCAT100', 'CS101', 20232, 5.12),
(174, 'B21DCAT100', 'CS108', 20231, 6.23),
(175, 'B21DCAT100', 'CS102', 20231, 8.91),
(176, 'B21DCAT101', 'CS103', 20241, 5.24),
(177, 'B21DCAT101', 'CS104', 20232, 5.8),
(178, 'B21DCAT101', 'CS106', 20232, 5.05),
(179, 'B21DCAT101', 'CS102', 20232, 8.8),
(180, 'B21DCAT102', 'CS101', 20232, 9.48),
(181, 'B21DCAT102', 'CS107', 20231, 7.77),
(182, 'B21DCAT102', 'CS103', 20231, 8.43),
(183, 'B21DCAT103', 'CS102', 20242, 5.18),
(184, 'B21DCAT103', 'CS108', 20242, 6.26),
(185, 'B21DCAT103', 'CS101', 20231, 9.9),
(186, 'B21DCAT104', 'CS103', 20232, 9.61),
(187, 'B21DCAT104', 'CS104', 20231, 9.48),
(188, 'B21DCAT104', 'CS105', 20232, 5.19),
(189, 'B21DCAT105', 'CS107', 20242, 7.63),
(190, 'B21DCAT105', 'CS104', 20231, 8.73),
(191, 'B21DCAT105', 'CS103', 20242, 9.62),
(192, 'B21DCAT106', 'CS108', 20241, 5.5),
(193, 'B21DCAT106', 'CS102', 20231, 6.98),
(194, 'B21DCAT106', 'CS101', 20231, 8.63),
(195, 'B21DCAT107', 'CS108', 20231, 6.23),
(196, 'B21DCAT107', 'CS102', 20231, 8.16),
(197, 'B21DCAT107', 'CS103', 20231, 7.24),
(198, 'B21DCAT108', 'CS108', 20232, 7.18),
(199, 'B21DCAT108', 'CS105', 20241, 6.97),
(200, 'B21DCAT108', 'CS102', 20242, 7.7),
(201, 'B21DCAT108', 'CS104', 20232, 5.74),
(202, 'B21DCAT109', 'CS102', 20241, 5.7),
(203, 'B21DCAT109', 'CS104', 20231, 9),
(204, 'B21DCAT109', 'CS106', 20242, 9.58),
(205, 'B21DCVT100', 'CS102', 20232, 7.93),
(206, 'B21DCVT100', 'CS108', 20241, 8.15),
(207, 'B21DCVT100', 'CS104', 20232, 9.64),
(208, 'B21DCVT101', 'CS101', 20241, 8.66),
(209, 'B21DCVT101', 'CS104', 20232, 9.11),
(210, 'B21DCVT101', 'CS106', 20241, 6.45),
(211, 'B21DCVT102', 'CS104', 20242, 8.03),
(212, 'B21DCVT102', 'CS106', 20232, 7.44),
(213, 'B21DCVT102', 'CS107', 20241, 8.93),
(214, 'B21DCVT102', 'CS105', 20231, 7.81),
(215, 'B21DCVT103', 'CS103', 20241, 8.56),
(216, 'B21DCVT103', 'CS107', 20242, 5.74),
(217, 'B21DCVT103', 'CS108', 20241, 5.59),
(218, 'B21DCVT104', 'CS107', 20242, 8.98),
(219, 'B21DCVT104', 'CS105', 20242, 6.57),
(220, 'B21DCVT104', 'CS101', 20242, 5.79),
(221, 'B21DCVT104', 'CS106', 20241, 9.16),
(222, 'B21DCVT105', 'CS103', 20242, 9.4),
(223, 'B21DCVT105', 'CS105', 20231, 6.6),
(224, 'B21DCVT105', 'CS108', 20241, 8.26),
(225, 'B21DCVT106', 'CS103', 20231, 5.66),
(226, 'B21DCVT106', 'CS102', 20232, 6.39),
(227, 'B21DCVT106', 'CS107', 20231, 8.35),
(228, 'B21DCVT107', 'CS104', 20231, 6.07),
(229, 'B21DCVT107', 'CS106', 20242, 5.84),
(230, 'B21DCVT107', 'CS103', 20241, 8.67),
(231, 'B21DCVT108', 'CS103', 20231, 8.15),
(232, 'B21DCVT108', 'CS101', 20231, 9.61),
(233, 'B21DCVT108', 'CS104', 20232, 9.32),
(234, 'B21DCVT109', 'CS105', 20241, 6.08),
(235, 'B21DCVT109', 'CS104', 20241, 8.83),
(236, 'B21DCVT109', 'CS107', 20231, 9.48),
(237, 'B21DCDT100', 'CS108', 20232, 8.59),
(238, 'B21DCDT100', 'CS106', 20242, 5.16),
(239, 'B21DCDT100', 'CS101', 20241, 7.32),
(240, 'B21DCDT100', 'CS107', 20231, 7.11),
(241, 'B21DCDT101', 'CS103', 20232, 9.31),
(242, 'B21DCDT101', 'CS101', 20231, 9.92),
(243, 'B21DCDT101', 'CS106', 20241, 5.97),
(244, 'B21DCDT101', 'CS102', 20241, 5.51),
(245, 'B21DCDT102', 'CS105', 20232, 6.75),
(246, 'B21DCDT102', 'CS103', 20232, 8.18),
(247, 'B21DCDT102', 'CS108', 20242, 6.98),
(248, 'B21DCDT102', 'CS107', 20241, 9.2),
(249, 'B21DCDT103', 'CS105', 20242, 8.64),
(250, 'B21DCDT103', 'CS101', 20242, 7.06),
(251, 'B21DCDT103', 'CS102', 20232, 7.44),
(252, 'B21DCDT104', 'CS101', 20242, 7.76),
(253, 'B21DCDT104', 'CS106', 20241, 8.81),
(254, 'B21DCDT104', 'CS104', 20242, 9.38),
(255, 'B21DCDT104', 'CS105', 20241, 5.87),
(256, 'B21DCDT105', 'CS101', 20241, 5.56),
(257, 'B21DCDT105', 'CS104', 20232, 6.14),
(258, 'B21DCDT105', 'CS103', 20232, 6.9),
(259, 'B21DCDT105', 'CS106', 20231, 6.52),
(260, 'B21DCDT106', 'CS102', 20242, 9.57),
(261, 'B21DCDT106', 'CS105', 20231, 6.88),
(262, 'B21DCDT106', 'CS106', 20241, 7.05),
(263, 'B21DCDT106', 'CS107', 20242, 5.67),
(264, 'B21DCDT107', 'CS102', 20231, 8.78),
(265, 'B21DCDT107', 'CS104', 20232, 7.36),
(266, 'B21DCDT107', 'CS101', 20241, 8.56),
(267, 'B21DCDT108', 'CS105', 20232, 7.11),
(268, 'B21DCDT108', 'CS104', 20242, 8.23),
(269, 'B21DCDT108', 'CS108', 20242, 9.24),
(270, 'B21DCDT109', 'CS101', 20241, 9.41),
(271, 'B21DCDT109', 'CS105', 20231, 6.27),
(272, 'B21DCDT109', 'CS102', 20231, 5.34),
(273, 'B22DCCN100', 'CS107', 20241, 9.34),
(274, 'B22DCCN100', 'CS106', 20242, 6.47),
(275, 'B22DCCN100', 'CS105', 20242, 6.52),
(276, 'B22DCCN101', 'CS101', 20232, 5.48),
(277, 'B22DCCN101', 'CS108', 20242, 9.22),
(278, 'B22DCCN101', 'CS104', 20231, 8.26),
(279, 'B22DCCN101', 'CS102', 20241, 7.88),
(280, 'B22DCCN102', 'CS103', 20231, 8.01),
(281, 'B22DCCN102', 'CS107', 20241, 9.68),
(282, 'B22DCCN102', 'CS101', 20232, 9.99),
(283, 'B22DCCN102', 'CS105', 20232, 6.26),
(284, 'B22DCCN103', 'CS103', 20242, 8.84),
(285, 'B22DCCN103', 'CS104', 20242, 9.29),
(286, 'B22DCCN103', 'CS107', 20231, 7.58),
(287, 'B22DCCN104', 'CS108', 20241, 9.32),
(288, 'B22DCCN104', 'CS101', 20242, 9.31),
(289, 'B22DCCN104', 'CS102', 20232, 8.88),
(290, 'B22DCCN105', 'CS105', 20241, 8.68),
(291, 'B22DCCN105', 'CS106', 20231, 5.23),
(292, 'B22DCCN105', 'CS101', 20232, 8.45),
(293, 'B22DCCN105', 'CS108', 20242, 8.35),
(294, 'B22DCCN106', 'CS105', 20242, 6.66),
(295, 'B22DCCN106', 'CS107', 20231, 7.35),
(296, 'B22DCCN106', 'CS102', 20232, 5.78),
(297, 'B22DCCN107', 'CS106', 20241, 5.79),
(298, 'B22DCCN107', 'CS101', 20231, 5.01),
(299, 'B22DCCN107', 'CS105', 20231, 6.51),
(300, 'B22DCCN107', 'CS108', 20241, 6.08),
(301, 'B22DCCN108', 'CS102', 20241, 5.03),
(302, 'B22DCCN108', 'CS101', 20242, 9.3),
(303, 'B22DCCN108', 'CS104', 20231, 9.45),
(304, 'B22DCCN108', 'CS103', 20232, 6.59),
(305, 'B22DCCN109', 'CS102', 20241, 9.7),
(306, 'B22DCCN109', 'CS101', 20241, 6.32),
(307, 'B22DCCN109', 'CS108', 20241, 7.08),
(308, 'B22DCAT100', 'CS106', 20231, 7.28),
(309, 'B22DCAT100', 'CS103', 20231, 6.95),
(310, 'B22DCAT100', 'CS105', 20232, 7.8),
(311, 'B22DCAT100', 'CS101', 20242, 8.05),
(312, 'B22DCAT101', 'CS102', 20231, 9.79),
(313, 'B22DCAT101', 'CS106', 20241, 8.03),
(314, 'B22DCAT101', 'CS108', 20242, 8.53),
(315, 'B22DCAT101', 'CS103', 20241, 6.9),
(316, 'B22DCAT102', 'CS104', 20242, 7.28),
(317, 'B22DCAT102', 'CS101', 20242, 7.16),
(318, 'B22DCAT102', 'CS103', 20231, 7.57),
(319, 'B22DCAT102', 'CS108', 20242, 8.01),
(320, 'B22DCAT103', 'CS105', 20242, 6.65),
(321, 'B22DCAT103', 'CS106', 20241, 7.97),
(322, 'B22DCAT103', 'CS104', 20231, 9.37),
(323, 'B22DCAT103', 'CS107', 20241, 9.6),
(324, 'B22DCAT104', 'CS105', 20231, 5.95),
(325, 'B22DCAT104', 'CS108', 20232, 8.47),
(326, 'B22DCAT104', 'CS103', 20232, 5.12),
(327, 'B22DCAT105', 'CS108', 20232, 6.67),
(328, 'B22DCAT105', 'CS106', 20241, 6.59),
(329, 'B22DCAT105', 'CS107', 20242, 9.26),
(330, 'B22DCAT106', 'CS108', 20242, 6.42),
(331, 'B22DCAT106', 'CS107', 20231, 9.6),
(332, 'B22DCAT106', 'CS101', 20232, 9.59),
(333, 'B22DCAT106', 'CS106', 20232, 8.05),
(334, 'B22DCAT107', 'CS106', 20241, 7.82),
(335, 'B22DCAT107', 'CS107', 20242, 7.94),
(336, 'B22DCAT107', 'CS103', 20232, 7.53),
(337, 'B22DCAT107', 'CS102', 20241, 9.71),
(338, 'B22DCAT108', 'CS103', 20242, 6.67),
(339, 'B22DCAT108', 'CS108', 20241, 7.75),
(340, 'B22DCAT108', 'CS105', 20231, 9.18),
(341, 'B22DCAT109', 'CS104', 20231, 7.35),
(342, 'B22DCAT109', 'CS101', 20231, 9.75),
(343, 'B22DCAT109', 'CS106', 20242, 8.27),
(344, 'B22DCVT100', 'CS106', 20242, 5.79),
(345, 'B22DCVT100', 'CS108', 20231, 5.19),
(346, 'B22DCVT100', 'CS102', 20241, 9.43),
(347, 'B22DCVT101', 'CS106', 20241, 5.35),
(348, 'B22DCVT101', 'CS105', 20231, 7.52),
(349, 'B22DCVT101', 'CS102', 20242, 8.81),
(350, 'B22DCVT101', 'CS107', 20242, 7.08),
(351, 'B22DCVT102', 'CS102', 20242, 7.92),
(352, 'B22DCVT102', 'CS107', 20241, 8.84),
(353, 'B22DCVT102', 'CS101', 20242, 5.97),
(354, 'B22DCVT102', 'CS103', 20231, 5.34),
(355, 'B22DCVT103', 'CS105', 20231, 5.32),
(356, 'B22DCVT103', 'CS108', 20241, 8.49),
(357, 'B22DCVT103', 'CS101', 20231, 6.95),
(358, 'B22DCVT103', 'CS103', 20231, 9.28),
(359, 'B22DCVT104', 'CS103', 20242, 9.91),
(360, 'B22DCVT104', 'CS104', 20231, 7.12),
(361, 'B22DCVT104', 'CS107', 20241, 6.31),
(362, 'B22DCVT105', 'CS102', 20231, 6.48),
(363, 'B22DCVT105', 'CS108', 20231, 9.62),
(364, 'B22DCVT105', 'CS103', 20241, 9.12),
(365, 'B22DCVT105', 'CS101', 20241, 9.51),
(366, 'B22DCVT106', 'CS107', 20242, 8.39),
(367, 'B22DCVT106', 'CS101', 20242, 7.62),
(368, 'B22DCVT106', 'CS108', 20232, 8.53),
(369, 'B22DCVT107', 'CS102', 20232, 8.46),
(370, 'B22DCVT107', 'CS106', 20232, 6.19),
(371, 'B22DCVT107', 'CS101', 20232, 7.53),
(372, 'B22DCVT107', 'CS103', 20241, 6),
(373, 'B22DCVT108', 'CS105', 20231, 8.5),
(374, 'B22DCVT108', 'CS103', 20241, 8.45),
(375, 'B22DCVT108', 'CS104', 20231, 5.4),
(376, 'B22DCVT108', 'CS107', 20231, 6.49),
(377, 'B22DCVT109', 'CS105', 20242, 6.56),
(378, 'B22DCVT109', 'CS101', 20242, 7.94),
(379, 'B22DCVT109', 'CS102', 20232, 7.72),
(380, 'B22DCDT100', 'CS101', 20232, 8.66),
(381, 'B22DCDT100', 'CS108', 20242, 6.22),
(382, 'B22DCDT100', 'CS104', 20242, 8.1),
(383, 'B22DCDT101', 'CS104', 20232, 9.59),
(384, 'B22DCDT101', 'CS107', 20242, 5.01),
(385, 'B22DCDT101', 'CS102', 20241, 7.2),
(386, 'B22DCDT101', 'CS101', 20241, 8.8),
(387, 'B22DCDT102', 'CS105', 20242, 7.56),
(388, 'B22DCDT102', 'CS104', 20231, 5.41),
(389, 'B22DCDT102', 'CS103', 20242, 8.02),
(390, 'B22DCDT102', 'CS101', 20232, 8.46),
(391, 'B22DCDT103', 'CS104', 20231, 7.85),
(392, 'B22DCDT103', 'CS102', 20231, 9.13),
(393, 'B22DCDT103', 'CS103', 20241, 6.41),
(394, 'B22DCDT104', 'CS101', 20242, 5.67),
(395, 'B22DCDT104', 'CS102', 20231, 5.73),
(396, 'B22DCDT104', 'CS107', 20241, 6.5),
(397, 'B22DCDT104', 'CS103', 20241, 8.05),
(398, 'B22DCDT105', 'CS107', 20231, 8.52),
(399, 'B22DCDT105', 'CS105', 20231, 8.09),
(400, 'B22DCDT105', 'CS103', 20232, 6.51),
(401, 'B22DCDT105', 'CS106', 20242, 8.02),
(402, 'B22DCDT106', 'CS102', 20241, 9.68),
(403, 'B22DCDT106', 'CS108', 20241, 5.04),
(404, 'B22DCDT106', 'CS107', 20241, 9.78),
(405, 'B22DCDT106', 'CS101', 20231, 8.82),
(406, 'B22DCDT107', 'CS102', 20231, 9.37),
(407, 'B22DCDT107', 'CS104', 20242, 7.19),
(408, 'B22DCDT107', 'CS107', 20232, 9.21),
(409, 'B22DCDT108', 'CS103', 20232, 8.91),
(410, 'B22DCDT108', 'CS108', 20242, 6.52),
(411, 'B22DCDT108', 'CS101', 20242, 5.33),
(412, 'B22DCDT109', 'CS106', 20241, 6.9),
(413, 'B22DCDT109', 'CS107', 20242, 7),
(414, 'B22DCDT109', 'CS102', 20232, 6.23),
(415, 'B23DCCN100', 'CS103', 20242, 9.79),
(416, 'B23DCCN100', 'CS104', 20241, 6.91),
(417, 'B23DCCN100', 'CS105', 20231, 8.68),
(418, 'B23DCCN101', 'CS107', 20231, 9.73),
(419, 'B23DCCN101', 'CS105', 20231, 6.14),
(420, 'B23DCCN101', 'CS101', 20231, 6.97),
(421, 'B23DCCN101', 'CS103', 20232, 7.97),
(422, 'B23DCCN102', 'CS108', 20241, 8.51),
(423, 'B23DCCN102', 'CS105', 20241, 6.43),
(424, 'B23DCCN102', 'CS106', 20231, 8.65),
(425, 'B23DCCN102', 'CS103', 20232, 9.88),
(426, 'B23DCCN103', 'CS101', 20241, 9.13),
(427, 'B23DCCN103', 'CS105', 20232, 8.56),
(428, 'B23DCCN103', 'CS104', 20231, 5.33),
(429, 'B23DCCN104', 'CS106', 20241, 8.85),
(430, 'B23DCCN104', 'CS102', 20242, 5.77),
(431, 'B23DCCN104', 'CS101', 20241, 9.81),
(432, 'B23DCCN104', 'CS104', 20232, 9.35),
(433, 'B23DCCN105', 'CS101', 20232, 7.49),
(434, 'B23DCCN105', 'CS105', 20232, 8.11),
(435, 'B23DCCN105', 'CS107', 20231, 7.03),
(436, 'B23DCCN105', 'CS106', 20231, 6.63),
(437, 'B23DCCN106', 'CS105', 20232, 5.31),
(438, 'B23DCCN106', 'CS104', 20231, 7.25),
(439, 'B23DCCN106', 'CS106', 20242, 8.2),
(440, 'B23DCCN106', 'CS101', 20232, 8.87),
(441, 'B23DCCN107', 'CS106', 20241, 9.18),
(442, 'B23DCCN107', 'CS108', 20232, 6.9),
(443, 'B23DCCN107', 'CS102', 20241, 6.25),
(444, 'B23DCCN108', 'CS106', 20242, 8.73),
(445, 'B23DCCN108', 'CS102', 20231, 7.4),
(446, 'B23DCCN108', 'CS104', 20242, 7.39),
(447, 'B23DCCN109', 'CS108', 20241, 9.15),
(448, 'B23DCCN109', 'CS104', 20232, 5.77),
(449, 'B23DCCN109', 'CS102', 20232, 6.57),
(450, 'B23DCCN109', 'CS103', 20241, 9.71),
(451, 'B23DCAT100', 'CS105', 20231, 6.44),
(452, 'B23DCAT100', 'CS107', 20231, 5.8),
(453, 'B23DCAT100', 'CS101', 20241, 8.46),
(454, 'B23DCAT101', 'CS102', 20232, 7.06),
(455, 'B23DCAT101', 'CS107', 20242, 7.2),
(456, 'B23DCAT101', 'CS104', 20242, 9.2),
(457, 'B23DCAT101', 'CS103', 20242, 7.93),
(458, 'B23DCAT102', 'CS102', 20241, 7.88),
(459, 'B23DCAT102', 'CS101', 20232, 7.72),
(460, 'B23DCAT102', 'CS107', 20232, 8.27),
(461, 'B23DCAT103', 'CS101', 20242, 9.23),
(462, 'B23DCAT103', 'CS108', 20231, 9.59),
(463, 'B23DCAT103', 'CS105', 20241, 7.05),
(464, 'B23DCAT103', 'CS106', 20242, 5.43),
(465, 'B23DCAT104', 'CS108', 20232, 6.75),
(466, 'B23DCAT104', 'CS107', 20241, 8.27),
(467, 'B23DCAT104', 'CS102', 20241, 9.69),
(468, 'B23DCAT104', 'CS105', 20231, 8.52),
(469, 'B23DCAT105', 'CS108', 20231, 9.45),
(470, 'B23DCAT105', 'CS107', 20241, 6.64),
(471, 'B23DCAT105', 'CS103', 20232, 9.24),
(472, 'B23DCAT106', 'CS107', 20241, 5.55),
(473, 'B23DCAT106', 'CS104', 20232, 6.47),
(474, 'B23DCAT106', 'CS108', 20241, 9.25),
(475, 'B23DCAT107', 'CS103', 20231, 6.01),
(476, 'B23DCAT107', 'CS105', 20242, 7.23),
(477, 'B23DCAT107', 'CS104', 20232, 8.41),
(478, 'B23DCAT107', 'CS101', 20241, 9.97),
(479, 'B23DCAT108', 'CS102', 20231, 9.2),
(480, 'B23DCAT108', 'CS103', 20242, 6.83),
(481, 'B23DCAT108', 'CS104', 20232, 5.23),
(482, 'B23DCAT109', 'CS105', 20241, 5.22),
(483, 'B23DCAT109', 'CS103', 20241, 6.24),
(484, 'B23DCAT109', 'CS107', 20241, 8.29),
(485, 'B23DCVT100', 'CS108', 20232, 9.14),
(486, 'B23DCVT100', 'CS107', 20242, 8.57),
(487, 'B23DCVT100', 'CS104', 20242, 8.25),
(488, 'B23DCVT101', 'CS108', 20241, 7.18),
(489, 'B23DCVT101', 'CS101', 20241, 7.71),
(490, 'B23DCVT101', 'CS105', 20241, 7.64),
(491, 'B23DCVT101', 'CS103', 20242, 5.24),
(492, 'B23DCVT102', 'CS103', 20242, 7.21),
(493, 'B23DCVT102', 'CS104', 20241, 5.01),
(494, 'B23DCVT102', 'CS105', 20232, 8.97),
(495, 'B23DCVT102', 'CS108', 20242, 7.92),
(496, 'B23DCVT103', 'CS107', 20241, 9.41),
(497, 'B23DCVT103', 'CS106', 20241, 6.04),
(498, 'B23DCVT103', 'CS104', 20241, 9.23),
(499, 'B23DCVT103', 'CS102', 20242, 8.02),
(500, 'B23DCVT104', 'CS101', 20232, 5.45),
(501, 'B23DCVT104', 'CS104', 20231, 9.96),
(502, 'B23DCVT104', 'CS105', 20231, 5.65),
(503, 'B23DCVT105', 'CS108', 20241, 5.53),
(504, 'B23DCVT105', 'CS107', 20241, 5.88),
(505, 'B23DCVT105', 'CS101', 20231, 6.89),
(506, 'B23DCVT106', 'CS107', 20231, 8.36),
(507, 'B23DCVT106', 'CS101', 20241, 6.02),
(508, 'B23DCVT106', 'CS102', 20241, 7.29),
(509, 'B23DCVT107', 'CS101', 20231, 5.29),
(510, 'B23DCVT107', 'CS106', 20242, 9.49),
(511, 'B23DCVT107', 'CS105', 20231, 9.54),
(512, 'B23DCVT107', 'CS103', 20232, 6.1),
(513, 'B23DCVT108', 'CS108', 20242, 7.31),
(514, 'B23DCVT108', 'CS107', 20241, 8.99),
(515, 'B23DCVT108', 'CS104', 20241, 9.88),
(516, 'B23DCVT109', 'CS103', 20232, 7.45),
(517, 'B23DCVT109', 'CS101', 20231, 6.51),
(518, 'B23DCVT109', 'CS108', 20232, 6.69),
(519, 'B23DCDT100', 'CS103', 20231, 7.13),
(520, 'B23DCDT100', 'CS105', 20242, 8.63),
(521, 'B23DCDT100', 'CS107', 20231, 6.96),
(522, 'B23DCDT101', 'CS107', 20231, 6.24),
(523, 'B23DCDT101', 'CS102', 20232, 8.76),
(524, 'B23DCDT101', 'CS101', 20241, 5.04),
(525, 'B23DCDT101', 'CS104', 20232, 9.7),
(526, 'B23DCDT102', 'CS106', 20232, 8.54),
(527, 'B23DCDT102', 'CS108', 20232, 9.05),
(528, 'B23DCDT102', 'CS102', 20242, 5.59),
(529, 'B23DCDT103', 'CS104', 20232, 5.18),
(530, 'B23DCDT103', 'CS105', 20241, 9.04),
(531, 'B23DCDT103', 'CS103', 20242, 9.32),
(532, 'B23DCDT104', 'CS104', 20241, 7.54),
(533, 'B23DCDT104', 'CS103', 20231, 9.9),
(534, 'B23DCDT104', 'CS107', 20241, 8.24),
(535, 'B23DCDT104', 'CS101', 20241, 7.91),
(536, 'B23DCDT105', 'CS108', 20231, 8.86),
(537, 'B23DCDT105', 'CS105', 20242, 9.4),
(538, 'B23DCDT105', 'CS104', 20231, 6.33),
(539, 'B23DCDT106', 'CS106', 20242, 9.91),
(540, 'B23DCDT106', 'CS104', 20232, 6.75),
(541, 'B23DCDT106', 'CS101', 20241, 5.57),
(542, 'B23DCDT107', 'CS101', 20231, 7.89),
(543, 'B23DCDT107', 'CS105', 20232, 7.02),
(544, 'B23DCDT107', 'CS106', 20232, 6.65),
(545, 'B23DCDT107', 'CS104', 20232, 8.23),
(546, 'B23DCDT108', 'CS104', 20232, 9.65),
(547, 'B23DCDT108', 'CS106', 20242, 9.46),
(548, 'B23DCDT108', 'CS105', 20232, 9.72),
(549, 'B23DCDT108', 'CS101', 20232, 7.66),
(550, 'B23DCDT109', 'CS101', 20231, 7.73),
(551, 'B23DCDT109', 'CS102', 20231, 8.79),
(552, 'B23DCDT109', 'CS103', 20232, 7.92);

-- --------------------------------------------------------

--
-- Table structure for table `semesters`
--

CREATE TABLE `semesters` (
  `semester_id` int(11) NOT NULL,
  `name` varchar(50) DEFAULT NULL,
  `year` int(11) DEFAULT NULL
) ENGINE=InnoDB DEFAULT CHARSET=utf8mb4 COLLATE=utf8mb4_unicode_ci;

--
-- Dumping data for table `semesters`
--

INSERT INTO `semesters` (`semester_id`, `name`, `year`) VALUES
(20231, 'Học kỳ 1 - 2023', 2023),
(20232, 'Học kỳ 2 - 2023', 2023),
(20241, 'Học kỳ 1 - 2024', 2024),
(20242, 'Học kỳ 2 - 2024', 2024);

-- --------------------------------------------------------

--
-- Table structure for table `subjects`
--

CREATE TABLE `subjects` (
  `subject_id` varchar(10) NOT NULL,
  `subject_name` varchar(100) DEFAULT NULL,
  `credit` int(11) DEFAULT NULL
) ENGINE=InnoDB DEFAULT CHARSET=utf8mb4 COLLATE=utf8mb4_unicode_ci;

--
-- Dumping data for table `subjects`
--

INSERT INTO `subjects` (`subject_id`, `subject_name`, `credit`) VALUES
('CS101', 'Nhập môn CNTT', 3),
('CS102', 'Lập trình C', 3),
('CS103', 'Toán rời rạc', 3),
('CS104', 'Hệ điều hành', 3),
('CS105', 'Cấu trúc dữ liệu', 3),
('CS106', 'Mạng máy tính', 3),
('CS107', 'Cơ sở dữ liệu', 3),
('CS108', 'An toàn thông tin', 3);

-- --------------------------------------------------------

--
-- Table structure for table `users`
--

CREATE TABLE `users` (
  `user_id` varchar(10) NOT NULL,
  `full_name` varchar(100) DEFAULT NULL,
  `dob` date DEFAULT NULL,
  `gender` enum('Nam','Nữ') DEFAULT NULL,
  `class` varchar(50) DEFAULT NULL,
  `email` varchar(100) DEFAULT NULL,
  `phone` varchar(15) DEFAULT NULL,
  `role_in_class` varchar(15) DEFAULT NULL,
  `password_hash` varchar(255) DEFAULT NULL
) ENGINE=InnoDB DEFAULT CHARSET=utf8mb4 COLLATE=utf8mb4_unicode_ci;

--
-- Dumping data for table `users`
--

INSERT INTO `users` (`user_id`, `full_name`, `dob`, `gender`, `class`, `email`, `phone`, `role_in_class`, `password_hash`) VALUES
('B20DCAT100', 'Bà Hạnh Hoàng', '2006-10-20', 'Nam', 'D20CQAT01', 'HoangBH.B20AT100@stu.ptit.edu.vn', '(01) 0987 2693', 'Student', '$2b$12$YqNV70VK2/Ymy1FHagq8re8nWveldnQHEQsToF3CJpwI.um8aHH6W'),
('B20DCAT101', 'Kim Tấn Đặng', '2004-02-21', 'Nam', 'D20CQAT01', 'DangKT.B20AT101@stu.ptit.edu.vn', '(00) 8441 8392', 'Student', '$2b$12$YqNV70VK2/Ymy1FHagq8re8nWveldnQHEQsToF3CJpwI.um8aHH6W'),
('B20DCAT102', 'An Bảo Bùi', '2003-07-09', 'Nam', 'D20CQAT01', 'BuiAB.B20AT102@stu.ptit.edu.vn', '09 8632632', 'Student', '$2b$12$YqNV70VK2/Ymy1FHagq8re8nWveldnQHEQsToF3CJpwI.um8aHH6W'),
('B20DCAT103', 'Ông Hưng Bùi', '2002-07-29', 'Nam', 'D20CQAT01', 'BuiÔH.B20AT103@stu.ptit.edu.vn', '(01)426-1851', 'Student', '$2b$12$YqNV70VK2/Ymy1FHagq8re8nWveldnQHEQsToF3CJpwI.um8aHH6W'),
('B20DCAT104', 'Anh Châu Hoàng', '2006-01-03', 'Nữ', 'D20CQAT01', 'HoangAC.B20AT104@stu.ptit.edu.vn', '+84-95-522 4935', 'Student', '$2b$12$YqNV70VK2/Ymy1FHagq8re8nWveldnQHEQsToF3CJpwI.um8aHH6W'),
('B20DCAT105', 'Hạnh Mai Lê', '2004-10-05', 'Nam', 'D20CQAT01', 'LeHM.B20AT105@stu.ptit.edu.vn', '05 6697 1773', 'Student', '$2b$12$YqNV70VK2/Ymy1FHagq8re8nWveldnQHEQsToF3CJpwI.um8aHH6W'),
('B20DCAT106', 'Bác Thành Vũ', '2007-02-16', 'Nữ', 'D20CQAT01', 'VuBT.B20AT106@stu.ptit.edu.vn', '+84-14-354 2567', 'Student', '$2b$12$YqNV70VK2/Ymy1FHagq8re8nWveldnQHEQsToF3CJpwI.um8aHH6W'),
('B20DCAT107', 'Nhiên Bảo Bùi', '2004-10-22', 'Nam', 'D20CQAT01', 'BuiNB.B20AT107@stu.ptit.edu.vn', '+84 14 3985863', 'Student', '$2b$12$YqNV70VK2/Ymy1FHagq8re8nWveldnQHEQsToF3CJpwI.um8aHH6W'),
('B20DCAT108', 'Quang Trí Nguyễn', '2004-08-24', 'Nữ', 'D20CQAT01', 'NguyenQT.B20AT108@stu.ptit.edu.vn', '(08) 0872 7785', 'Student', '$2b$12$YqNV70VK2/Ymy1FHagq8re8nWveldnQHEQsToF3CJpwI.um8aHH6W'),
('B20DCAT109', 'Phúc Hoàng Phạm', '2002-07-10', 'Nữ', 'D20CQAT01', 'PhamPH.B20AT109@stu.ptit.edu.vn', '(06) 7231 9567', 'Student', '$2b$12$YqNV70VK2/Ymy1FHagq8re8nWveldnQHEQsToF3CJpwI.um8aHH6W'),
('B20DCCN100', 'Chị Ngọc Mai', '2006-07-13', 'Nam', 'D20CQCN01', 'MaiCN.B20CN100@stu.ptit.edu.vn', '00 3508 1811', 'Student', '$2b$12$YqNV70VK2/Ymy1FHagq8re8nWveldnQHEQsToF3CJpwI.um8aHH6W'),
('B20DCCN101', 'Bác Châu Dương', '2004-11-03', 'Nam', 'D20CQCN01', 'DuongBC.B20CN101@stu.ptit.edu.vn', '(00) 0387 7250', 'Student', '$2b$12$YqNV70VK2/Ymy1FHagq8re8nWveldnQHEQsToF3CJpwI.um8aHH6W'),
('B20DCCN102', 'Bà Hương Vũ', '2004-05-07', 'Nam', 'D20CQCN01', 'VuBH.B20CN102@stu.ptit.edu.vn', '(05) 3817 4436', 'Student', '$2b$12$YqNV70VK2/Ymy1FHagq8re8nWveldnQHEQsToF3CJpwI.um8aHH6W'),
('B20DCCN103', 'Chị Dương Bùi', '2005-01-18', 'Nam', 'D20CQCN01', 'BuiCD.B20CN103@stu.ptit.edu.vn', '04 3533616', 'Student', '$2b$12$YqNV70VK2/Ymy1FHagq8re8nWveldnQHEQsToF3CJpwI.um8aHH6W'),
('B20DCCN104', 'Vũ Phú Bùi', '2006-10-10', 'Nữ', 'D20CQCN01', 'BuiVP.B20CN104@stu.ptit.edu.vn', '00 5231 4444', 'Student', '$2b$12$YqNV70VK2/Ymy1FHagq8re8nWveldnQHEQsToF3CJpwI.um8aHH6W'),
('B20DCCN105', 'Lâm Văn Nguyễn', '2004-08-30', 'Nữ', 'D20CQCN01', 'NguyenLV.B20CN105@stu.ptit.edu.vn', '06 7799790', 'Student', '$2b$12$YqNV70VK2/Ymy1FHagq8re8nWveldnQHEQsToF3CJpwI.um8aHH6W'),
('B20DCCN106', 'Cô Vi Mai', '2005-09-20', 'Nữ', 'D20CQCN01', 'MaiCV.B20CN106@stu.ptit.edu.vn', '(04)347-0522', 'Student', '$2b$12$YqNV70VK2/Ymy1FHagq8re8nWveldnQHEQsToF3CJpwI.um8aHH6W'),
('B20DCCN107', 'Nhật Văn Đặng', '2006-07-30', 'Nữ', 'D20CQCN01', 'DangNV.B20CN107@stu.ptit.edu.vn', '01 9738778', 'Student', '$2b$12$YqNV70VK2/Ymy1FHagq8re8nWveldnQHEQsToF3CJpwI.um8aHH6W'),
('B20DCCN108', 'Ông Hưng Bùi', '2005-04-30', 'Nam', 'D20CQCN01', 'BuiÔH.B20CN108@stu.ptit.edu.vn', '05 9231 6471', 'Student', '$2b$12$YqNV70VK2/Ymy1FHagq8re8nWveldnQHEQsToF3CJpwI.um8aHH6W'),
('B20DCCN109', 'Cô Kim Lê', '2002-10-26', 'Nam', 'D20CQCN01', 'LeCK.B20CN109@stu.ptit.edu.vn', '+84-65-041600', 'Student', '$2b$12$YqNV70VK2/Ymy1FHagq8re8nWveldnQHEQsToF3CJpwI.um8aHH6W'),
('B20DCDT100', 'Chị Lâm Mai', '2006-04-24', 'Nữ', 'D20CQDT01', 'MaiCL.B20DT100@stu.ptit.edu.vn', '+84-59-468 6781', 'Student', '$2b$12$YqNV70VK2/Ymy1FHagq8re8nWveldnQHEQsToF3CJpwI.um8aHH6W'),
('B20DCDT101', 'Quang Văn Dương', '2004-10-04', 'Nam', 'D20CQDT01', 'DuongQV.B20DT101@stu.ptit.edu.vn', '+84-41-820 0767', 'Student', '$2b$12$YqNV70VK2/Ymy1FHagq8re8nWveldnQHEQsToF3CJpwI.um8aHH6W'),
('B20DCDT102', 'Bác Trung Phạm', '2007-04-04', 'Nam', 'D20CQDT01', 'PhamBT.B20DT102@stu.ptit.edu.vn', '+84 40 4085017', 'Student', '$2b$12$YqNV70VK2/Ymy1FHagq8re8nWveldnQHEQsToF3CJpwI.um8aHH6W'),
('B20DCDT103', 'Bà Thảo Lê', '2006-10-09', 'Nam', 'D20CQDT01', 'LeBT.B20DT103@stu.ptit.edu.vn', '(04)536-3316', 'Student', '$2b$12$YqNV70VK2/Ymy1FHagq8re8nWveldnQHEQsToF3CJpwI.um8aHH6W'),
('B20DCDT104', 'Kim Bảo Mai', '2005-10-08', 'Nữ', 'D20CQDT01', 'MaiKB.B20DT104@stu.ptit.edu.vn', '(05)725-8960', 'Student', '$2b$12$YqNV70VK2/Ymy1FHagq8re8nWveldnQHEQsToF3CJpwI.um8aHH6W'),
('B20DCDT105', 'Bà An Mai', '2007-03-15', 'Nữ', 'D20CQDT01', 'MaiBA.B20DT105@stu.ptit.edu.vn', '00 4751 1044', 'Student', '$2b$12$YqNV70VK2/Ymy1FHagq8re8nWveldnQHEQsToF3CJpwI.um8aHH6W'),
('B20DCDT106', 'Tú Tấn Bùi', '2003-04-17', 'Nữ', 'D20CQDT01', 'BuiTT.B20DT106@stu.ptit.edu.vn', '+84 97 3502067', 'Student', '$2b$12$YqNV70VK2/Ymy1FHagq8re8nWveldnQHEQsToF3CJpwI.um8aHH6W'),
('B20DCDT107', 'Ông Phúc Phạm', '2005-01-29', 'Nam', 'D20CQDT01', 'PhamÔP.B20DT107@stu.ptit.edu.vn', '(06)495-6394', 'Student', '$2b$12$YqNV70VK2/Ymy1FHagq8re8nWveldnQHEQsToF3CJpwI.um8aHH6W'),
('B20DCDT108', 'Ông Thành Hoàng', '2002-08-16', 'Nữ', 'D20CQDT01', 'HoangÔT.B20DT108@stu.ptit.edu.vn', '08 8434048', 'Student', '$2b$12$YqNV70VK2/Ymy1FHagq8re8nWveldnQHEQsToF3CJpwI.um8aHH6W'),
('B20DCDT109', 'Bảo Trí Phạm', '2006-10-05', 'Nữ', 'D20CQDT01', 'PhamBT.B20DT109@stu.ptit.edu.vn', '+84-86-023332', 'Student', '$2b$12$YqNV70VK2/Ymy1FHagq8re8nWveldnQHEQsToF3CJpwI.um8aHH6W'),
('B20DCVT100', 'Bà Nhật Bùi', '2006-08-04', 'Nam', 'D20CQVT01', 'BuiBN.B20VT100@stu.ptit.edu.vn', '+84 60 0226816', 'Student', '$2b$12$YqNV70VK2/Ymy1FHagq8re8nWveldnQHEQsToF3CJpwI.um8aHH6W'),
('B20DCVT101', 'Chị Hải Mai', '2005-01-25', 'Nữ', 'D20CQVT01', 'MaiCH.B20VT101@stu.ptit.edu.vn', '01 2254 1143', 'Student', '$2b$12$YqNV70VK2/Ymy1FHagq8re8nWveldnQHEQsToF3CJpwI.um8aHH6W'),
('B20DCVT102', 'Cô Phương Đặng', '2003-07-20', 'Nam', 'D20CQVT01', 'DangCP.B20VT102@stu.ptit.edu.vn', '00 5811 9698', 'Student', '$2b$12$YqNV70VK2/Ymy1FHagq8re8nWveldnQHEQsToF3CJpwI.um8aHH6W'),
('B20DCVT103', 'Hà Mai Bùi', '2004-11-23', 'Nữ', 'D20CQVT01', 'BuiHM.B20VT103@stu.ptit.edu.vn', '00 4030501', 'Student', '$2b$12$YqNV70VK2/Ymy1FHagq8re8nWveldnQHEQsToF3CJpwI.um8aHH6W'),
('B20DCVT104', 'Thành Đức Đặng', '2006-06-21', 'Nữ', 'D20CQVT01', 'DangTĐ.B20VT104@stu.ptit.edu.vn', '+84-10-704511', 'Student', '$2b$12$YqNV70VK2/Ymy1FHagq8re8nWveldnQHEQsToF3CJpwI.um8aHH6W'),
('B20DCVT105', 'Bác Châu Trần', '2003-03-23', 'Nam', 'D20CQVT01', 'TranBC.B20VT105@stu.ptit.edu.vn', '(03) 8462 7186', 'Student', '$2b$12$YqNV70VK2/Ymy1FHagq8re8nWveldnQHEQsToF3CJpwI.um8aHH6W'),
('B20DCVT106', 'Bác Trung Dương', '2005-02-04', 'Nam', 'D20CQVT01', 'DuongBT.B20VT106@stu.ptit.edu.vn', '(07) 1643 1390', 'Student', '$2b$12$YqNV70VK2/Ymy1FHagq8re8nWveldnQHEQsToF3CJpwI.um8aHH6W'),
('B20DCVT107', 'Bà Mai Vũ', '2006-03-22', 'Nữ', 'D20CQVT01', 'VuBM.B20VT107@stu.ptit.edu.vn', '08 8440174', 'Student', '$2b$12$YqNV70VK2/Ymy1FHagq8re8nWveldnQHEQsToF3CJpwI.um8aHH6W'),
('B20DCVT108', 'Cô An Đặng', '2005-11-15', 'Nam', 'D20CQVT01', 'DangCA.B20VT108@stu.ptit.edu.vn', '02 9437 1336', 'Student', '$2b$12$YqNV70VK2/Ymy1FHagq8re8nWveldnQHEQsToF3CJpwI.um8aHH6W'),
('B20DCVT109', 'Phương Hữu Bùi', '2007-01-06', 'Nữ', 'D20CQVT01', 'BuiPH.B20VT109@stu.ptit.edu.vn', '(07)407-4418', 'Student', '$2b$12$YqNV70VK2/Ymy1FHagq8re8nWveldnQHEQsToF3CJpwI.um8aHH6W'),
('B21DCAT100', 'Hoàng Hữu Trần', '2003-01-06', 'Nam', 'D20CQAT01', 'TranHH.B21AT100@stu.ptit.edu.vn', '04 1617887', 'Student', '$2b$12$YqNV70VK2/Ymy1FHagq8re8nWveldnQHEQsToF3CJpwI.um8aHH6W'),
('B21DCAT101', 'Anh Thành Lê', '2005-09-29', 'Nam', 'D20CQAT01', 'LeAT.B21AT101@stu.ptit.edu.vn', '+84-81-377245', 'Student', '$2b$12$YqNV70VK2/Ymy1FHagq8re8nWveldnQHEQsToF3CJpwI.um8aHH6W'),
('B21DCAT102', 'An Đức Hoàng', '2003-10-19', 'Nam', 'D20CQAT01', 'HoangAĐ.B21AT102@stu.ptit.edu.vn', '+84-27-356815', 'Student', '$2b$12$YqNV70VK2/Ymy1FHagq8re8nWveldnQHEQsToF3CJpwI.um8aHH6W'),
('B21DCAT103', 'Phúc Quang Dương', '2002-12-30', 'Nam', 'D20CQAT01', 'DuongPQ.B21AT103@stu.ptit.edu.vn', '03 9532 4399', 'Student', '$2b$12$YqNV70VK2/Ymy1FHagq8re8nWveldnQHEQsToF3CJpwI.um8aHH6W'),
('B21DCAT104', 'Bà Hạnh Dương', '2006-01-01', 'Nam', 'D20CQAT01', 'DuongBH.B21AT104@stu.ptit.edu.vn', '+84-75-043122', 'Student', '$2b$12$YqNV70VK2/Ymy1FHagq8re8nWveldnQHEQsToF3CJpwI.um8aHH6W'),
('B21DCAT105', 'Bà Kim Phạm', '2005-11-24', 'Nam', 'D20CQAT01', 'PhamBK.B21AT105@stu.ptit.edu.vn', '+84-91-253322', 'Student', '$2b$12$YqNV70VK2/Ymy1FHagq8re8nWveldnQHEQsToF3CJpwI.um8aHH6W'),
('B21DCAT106', 'An Văn Trần', '2003-01-06', 'Nữ', 'D20CQAT01', 'TranAV.B21AT106@stu.ptit.edu.vn', '04 5906 0329', 'Student', '$2b$12$YqNV70VK2/Ymy1FHagq8re8nWveldnQHEQsToF3CJpwI.um8aHH6W'),
('B21DCAT107', 'Cô Nhật Trần', '2004-08-24', 'Nữ', 'D20CQAT01', 'TranCN.B21AT107@stu.ptit.edu.vn', '06 5450853', 'Student', '$2b$12$YqNV70VK2/Ymy1FHagq8re8nWveldnQHEQsToF3CJpwI.um8aHH6W'),
('B21DCAT108', 'Quang Văn Bùi', '2005-06-13', 'Nữ', 'D20CQAT01', 'BuiQV.B21AT108@stu.ptit.edu.vn', '+84-53-492 0696', 'Student', '$2b$12$YqNV70VK2/Ymy1FHagq8re8nWveldnQHEQsToF3CJpwI.um8aHH6W'),
('B21DCAT109', 'Châu Thị Lê', '2003-01-06', 'Nam', 'D20CQAT01', 'LeCT.B21AT109@stu.ptit.edu.vn', '(06) 8003 9756', 'Student', '$2b$12$YqNV70VK2/Ymy1FHagq8re8nWveldnQHEQsToF3CJpwI.um8aHH6W'),
('B21DCCN100', 'Chị Duyên Trần', '2003-03-05', 'Nữ', 'D20CQCN01', 'TranCD.B21CN100@stu.ptit.edu.vn', '00 0622 2220', 'Student', '$2b$12$YqNV70VK2/Ymy1FHagq8re8nWveldnQHEQsToF3CJpwI.um8aHH6W'),
('B21DCCN101', 'Minh Đức Mai', '2007-01-31', 'Nữ', 'D20CQCN01', 'MaiMĐ.B21CN101@stu.ptit.edu.vn', '07 0001 4763', 'Student', '$2b$12$YqNV70VK2/Ymy1FHagq8re8nWveldnQHEQsToF3CJpwI.um8aHH6W'),
('B21DCCN102', 'Hạnh Quang Trần', '2004-09-14', 'Nam', 'D20CQCN01', 'TranHQ.B21CN102@stu.ptit.edu.vn', '(06)947-3011', 'Student', '$2b$12$YqNV70VK2/Ymy1FHagq8re8nWveldnQHEQsToF3CJpwI.um8aHH6W'),
('B21DCCN103', 'Chị Vân Vũ', '2003-02-09', 'Nữ', 'D20CQCN01', 'VuCV.B21CN103@stu.ptit.edu.vn', '+84-90-135 8578', 'Student', '$2b$12$YqNV70VK2/Ymy1FHagq8re8nWveldnQHEQsToF3CJpwI.um8aHH6W'),
('B21DCCN104', 'Bảo Tấn Dương', '2004-05-13', 'Nam', 'D20CQCN01', 'DuongBT.B21CN104@stu.ptit.edu.vn', '03 9232 8395', 'Student', '$2b$12$YqNV70VK2/Ymy1FHagq8re8nWveldnQHEQsToF3CJpwI.um8aHH6W'),
('B21DCCN105', 'Hà Mai Phạm', '2004-07-17', 'Nữ', 'D20CQCN01', 'PhamHM.B21CN105@stu.ptit.edu.vn', '(01) 8701 5807', 'Student', '$2b$12$YqNV70VK2/Ymy1FHagq8re8nWveldnQHEQsToF3CJpwI.um8aHH6W'),
('B21DCCN106', 'Ông Nhiên Lê', '2005-06-15', 'Nữ', 'D20CQCN01', 'LeÔN.B21CN106@stu.ptit.edu.vn', '(00)998-0791', 'Student', '$2b$12$YqNV70VK2/Ymy1FHagq8re8nWveldnQHEQsToF3CJpwI.um8aHH6W'),
('B21DCCN107', 'Nhật Đức Mai', '2004-02-11', 'Nam', 'D20CQCN01', 'MaiNĐ.B21CN107@stu.ptit.edu.vn', '+84-96-712362', 'Student', '$2b$12$YqNV70VK2/Ymy1FHagq8re8nWveldnQHEQsToF3CJpwI.um8aHH6W'),
('B21DCCN108', 'Khoa Xuân Lê', '2002-06-27', 'Nam', 'D20CQCN01', 'LeKX.B21CN108@stu.ptit.edu.vn', '06 1321 7763', 'Student', '$2b$12$YqNV70VK2/Ymy1FHagq8re8nWveldnQHEQsToF3CJpwI.um8aHH6W'),
('B21DCCN109', 'Bà Thành Bùi', '2006-08-11', 'Nữ', 'D20CQCN01', 'BuiBT.B21CN109@stu.ptit.edu.vn', '+84 83 1845905', 'Student', '$2b$12$YqNV70VK2/Ymy1FHagq8re8nWveldnQHEQsToF3CJpwI.um8aHH6W'),
('B21DCDT100', 'Quang Thị Lê', '2006-11-06', 'Nam', 'D20CQDT01', 'LeQT.B21DT100@stu.ptit.edu.vn', '(02) 1692 5535', 'Student', '$2b$12$YqNV70VK2/Ymy1FHagq8re8nWveldnQHEQsToF3CJpwI.um8aHH6W'),
('B21DCDT101', 'Bác Trọng Đặng', '2005-09-17', 'Nam', 'D20CQDT01', 'DangBT.B21DT101@stu.ptit.edu.vn', '+84-64-746 2283', 'Student', '$2b$12$YqNV70VK2/Ymy1FHagq8re8nWveldnQHEQsToF3CJpwI.um8aHH6W'),
('B21DCDT102', 'Bà Mai Lê', '2004-04-28', 'Nữ', 'D20CQDT01', 'LeBM.B21DT102@stu.ptit.edu.vn', '+84-39-462 9915', 'Student', '$2b$12$YqNV70VK2/Ymy1FHagq8re8nWveldnQHEQsToF3CJpwI.um8aHH6W'),
('B21DCDT103', 'Cô Chi Vũ', '2003-01-26', 'Nam', 'D20CQDT01', 'VuCC.B21DT103@stu.ptit.edu.vn', '+84 88 6293984', 'Student', '$2b$12$YqNV70VK2/Ymy1FHagq8re8nWveldnQHEQsToF3CJpwI.um8aHH6W'),
('B21DCDT104', 'Bác Nhiên Bùi', '2004-08-20', 'Nam', 'D20CQDT01', 'BuiBN.B21DT104@stu.ptit.edu.vn', '+84-06-865 6336', 'Student', '$2b$12$YqNV70VK2/Ymy1FHagq8re8nWveldnQHEQsToF3CJpwI.um8aHH6W'),
('B21DCDT105', 'Anh Nhiên Mai', '2005-06-17', 'Nữ', 'D20CQDT01', 'MaiAN.B21DT105@stu.ptit.edu.vn', '(02) 7754 3235', 'Student', '$2b$12$YqNV70VK2/Ymy1FHagq8re8nWveldnQHEQsToF3CJpwI.um8aHH6W'),
('B21DCDT106', 'Bà Lâm Hoàng', '2007-03-01', 'Nữ', 'D20CQDT01', 'HoangBL.B21DT106@stu.ptit.edu.vn', '(06)544-0487', 'Student', '$2b$12$YqNV70VK2/Ymy1FHagq8re8nWveldnQHEQsToF3CJpwI.um8aHH6W'),
('B21DCDT107', 'Bà Mai Mai', '2003-02-10', 'Nữ', 'D20CQDT01', 'MaiBM.B21DT107@stu.ptit.edu.vn', '(06)789-4234', 'Student', '$2b$12$YqNV70VK2/Ymy1FHagq8re8nWveldnQHEQsToF3CJpwI.um8aHH6W'),
('B21DCDT108', 'Nam Hải Đặng', '2002-11-18', 'Nữ', 'D20CQDT01', 'DangNH.B21DT108@stu.ptit.edu.vn', '(03) 9707 7940', 'Student', '$2b$12$YqNV70VK2/Ymy1FHagq8re8nWveldnQHEQsToF3CJpwI.um8aHH6W'),
('B21DCDT109', 'Thành Đức Lê', '2004-03-19', 'Nam', 'D20CQDT01', 'LeTĐ.B21DT109@stu.ptit.edu.vn', '03 9682081', 'Student', '$2b$12$YqNV70VK2/Ymy1FHagq8re8nWveldnQHEQsToF3CJpwI.um8aHH6W'),
('B21DCVT100', 'Bà Nhật Dương', '2003-01-31', 'Nữ', 'D20CQVT01', 'DuongBN.B21VT100@stu.ptit.edu.vn', '(05) 9703 7639', 'Student', '$2b$12$YqNV70VK2/Ymy1FHagq8re8nWveldnQHEQsToF3CJpwI.um8aHH6W'),
('B21DCVT101', 'Chị Linh Lê', '2006-04-10', 'Nữ', 'D20CQVT01', 'LeCL.B21VT101@stu.ptit.edu.vn', '07 9182996', 'Student', '$2b$12$YqNV70VK2/Ymy1FHagq8re8nWveldnQHEQsToF3CJpwI.um8aHH6W'),
('B21DCVT102', 'Cô Yến Đặng', '2004-08-13', 'Nam', 'D20CQVT01', 'DangCY.B21VT102@stu.ptit.edu.vn', '+84-44-527 8404', 'Student', '$2b$12$YqNV70VK2/Ymy1FHagq8re8nWveldnQHEQsToF3CJpwI.um8aHH6W'),
('B21DCVT103', 'Bảo Đức Nguyễn', '2002-05-15', 'Nữ', 'D20CQVT01', 'NguyenBĐ.B21VT103@stu.ptit.edu.vn', '+84-00-579229', 'Student', '$2b$12$YqNV70VK2/Ymy1FHagq8re8nWveldnQHEQsToF3CJpwI.um8aHH6W'),
('B21DCVT104', 'Vũ Đức Trần', '2005-09-28', 'Nam', 'D20CQVT01', 'TranVĐ.B21VT104@stu.ptit.edu.vn', '+84-10-007 9097', 'Student', '$2b$12$YqNV70VK2/Ymy1FHagq8re8nWveldnQHEQsToF3CJpwI.um8aHH6W'),
('B21DCVT105', 'Anh Dũng Mai', '2006-08-22', 'Nam', 'D20CQVT01', 'MaiAD.B21VT105@stu.ptit.edu.vn', '04 8838630', 'Student', '$2b$12$YqNV70VK2/Ymy1FHagq8re8nWveldnQHEQsToF3CJpwI.um8aHH6W'),
('B21DCVT106', 'Hưng Thị Dương', '2006-12-30', 'Nam', 'D20CQVT01', 'DuongHT.B21VT106@stu.ptit.edu.vn', '+84-85-043701', 'Student', '$2b$12$YqNV70VK2/Ymy1FHagq8re8nWveldnQHEQsToF3CJpwI.um8aHH6W'),
('B21DCVT107', 'Vũ Trí Mai', '2003-01-16', 'Nữ', 'D20CQVT01', 'MaiVT.B21VT107@stu.ptit.edu.vn', '+84-32-359042', 'Student', '$2b$12$YqNV70VK2/Ymy1FHagq8re8nWveldnQHEQsToF3CJpwI.um8aHH6W'),
('B21DCVT108', 'Chị Duyên Vũ', '2003-01-19', 'Nữ', 'D20CQVT01', 'VuCD.B21VT108@stu.ptit.edu.vn', '(07) 8110 5553', 'Student', '$2b$12$YqNV70VK2/Ymy1FHagq8re8nWveldnQHEQsToF3CJpwI.um8aHH6W'),
('B21DCVT109', 'Anh Trọng Dương', '2005-09-22', 'Nữ', 'D20CQVT01', 'DuongAT.B21VT109@stu.ptit.edu.vn', '04 0778 5064', 'Student', '$2b$12$YqNV70VK2/Ymy1FHagq8re8nWveldnQHEQsToF3CJpwI.um8aHH6W'),
('B22DCAT100', 'Phúc Văn Dương', '2007-03-05', 'Nam', 'D20CQAT01', 'DuongPV.B22AT100@stu.ptit.edu.vn', '+84-99-224442', 'Student', '$2b$12$YqNV70VK2/Ymy1FHagq8re8nWveldnQHEQsToF3CJpwI.um8aHH6W'),
('B22DCAT101', 'Phúc Hoàng Dương', '2007-04-07', 'Nữ', 'D20CQAT01', 'DuongPH.B22AT101@stu.ptit.edu.vn', '(02)929-2874', 'Student', '$2b$12$YqNV70VK2/Ymy1FHagq8re8nWveldnQHEQsToF3CJpwI.um8aHH6W'),
('B22DCAT102', 'Cô Bảo Hoàng', '2005-09-16', 'Nữ', 'D20CQAT01', 'HoangCB.B22AT102@stu.ptit.edu.vn', '00 0223 3535', 'Student', '$2b$12$YqNV70VK2/Ymy1FHagq8re8nWveldnQHEQsToF3CJpwI.um8aHH6W'),
('B22DCAT103', 'Anh Quang Dương', '2004-01-13', 'Nam', 'D20CQAT01', 'DuongAQ.B22AT103@stu.ptit.edu.vn', '(09)989-9422', 'Student', '$2b$12$YqNV70VK2/Ymy1FHagq8re8nWveldnQHEQsToF3CJpwI.um8aHH6W'),
('B22DCAT104', 'Anh Nam Phạm', '2005-07-27', 'Nam', 'D20CQAT01', 'PhamAN.B22AT104@stu.ptit.edu.vn', '+84-55-559484', 'Student', '$2b$12$YqNV70VK2/Ymy1FHagq8re8nWveldnQHEQsToF3CJpwI.um8aHH6W'),
('B22DCAT105', 'Cô Phương Vũ', '2003-04-07', 'Nữ', 'D20CQAT01', 'VuCP.B22AT105@stu.ptit.edu.vn', '08 4877087', 'Student', '$2b$12$YqNV70VK2/Ymy1FHagq8re8nWveldnQHEQsToF3CJpwI.um8aHH6W'),
('B22DCAT106', 'Nhật Hải Hoàng', '2005-04-07', 'Nữ', 'D20CQAT01', 'HoangNH.B22AT106@stu.ptit.edu.vn', '06 2868 7446', 'Student', '$2b$12$YqNV70VK2/Ymy1FHagq8re8nWveldnQHEQsToF3CJpwI.um8aHH6W'),
('B22DCAT107', 'Thành Mai Dương', '2002-10-19', 'Nữ', 'D20CQAT01', 'DuongTM.B22AT107@stu.ptit.edu.vn', '(08) 4373 9307', 'Student', '$2b$12$YqNV70VK2/Ymy1FHagq8re8nWveldnQHEQsToF3CJpwI.um8aHH6W'),
('B22DCAT108', 'Quang Quang Lê', '2004-07-07', 'Nam', 'D20CQAT01', 'LeQQ.B22AT108@stu.ptit.edu.vn', '(07)237-8681', 'Student', '$2b$12$YqNV70VK2/Ymy1FHagq8re8nWveldnQHEQsToF3CJpwI.um8aHH6W'),
('B22DCAT109', 'Chị Thảo Vũ', '2002-08-30', 'Nam', 'D20CQAT01', 'VuCT.B22AT109@stu.ptit.edu.vn', '(09)590-5436', 'Student', '$2b$12$YqNV70VK2/Ymy1FHagq8re8nWveldnQHEQsToF3CJpwI.um8aHH6W'),
('B22DCAT129', 'Trần Văn Hoàng', '2004-05-21', 'Nam', 'D20CQAT01', 'bustren12@gmail.com', '0983235326', 'Lecturer', '$2y$10$wEiZqvVXHWzYoWZ9Xqq5oevNIccHHnKTe5J3L3GcHtuPOIKAgiiSW'),
('B22DCAT130', 'Tran Van Hoang', '2004-05-14', 'Nam', 'D20CQAT01', 'HoangTV.B22AT129@stu.ptit.edu.vn', '0983235326', 'Lecturer', '$2y$10$dDVHfHwcTRa4ybJ/FeEPW.CleCs1t79p4RWKW3ZwbQTpyonW9mT6e'),
('B22DCAT131', 'Tran Van Hoang', '2004-11-11', 'Nam', 'D20CQAT01', 'hoang@gmail.com', '0983235326', 'Lecturer', '$2y$10$1TPmbCarYy8A8G4gqHJl6eZoSO6ZXMU62uBWZVmqCpYwBPrS0t8JW'),
('B22DCCN100', 'Bà Chi Mai', '2002-06-24', 'Nữ', 'D20CQCN01', 'MaiBC.B22CN100@stu.ptit.edu.vn', '00 6938 1404', 'Student', '$2b$12$YqNV70VK2/Ymy1FHagq8re8nWveldnQHEQsToF3CJpwI.um8aHH6W'),
('B22DCCN101', 'Chị Lâm Phạm', '2002-08-24', 'Nam', 'D20CQCN01', 'PhamCL.B22CN101@stu.ptit.edu.vn', '+84-72-276279', 'Student', '$2b$12$YqNV70VK2/Ymy1FHagq8re8nWveldnQHEQsToF3CJpwI.um8aHH6W'),
('B22DCCN102', 'Nhật Xuân Dương', '2006-12-05', 'Nữ', 'D20CQCN01', 'DuongNX.B22CN102@stu.ptit.edu.vn', '(00) 8691 1903', 'Student', '$2b$12$YqNV70VK2/Ymy1FHagq8re8nWveldnQHEQsToF3CJpwI.um8aHH6W'),
('B22DCCN103', 'Ông Nhiên Đặng', '2004-04-02', 'Nữ', 'D20CQCN01', 'DangÔN.B22CN103@stu.ptit.edu.vn', '06 0792 8553', 'Student', '$2b$12$YqNV70VK2/Ymy1FHagq8re8nWveldnQHEQsToF3CJpwI.um8aHH6W'),
('B22DCCN104', 'Lâm Hải Bùi', '2003-02-28', 'Nữ', 'D20CQCN01', 'BuiLH.B22CN104@stu.ptit.edu.vn', '06 9441619', 'Student', '$2b$12$YqNV70VK2/Ymy1FHagq8re8nWveldnQHEQsToF3CJpwI.um8aHH6W'),
('B22DCCN105', 'Bà Nhật Vũ', '2005-11-16', 'Nam', 'D20CQCN01', 'VuBN.B22CN105@stu.ptit.edu.vn', '+84-46-862 2980', 'Student', '$2b$12$YqNV70VK2/Ymy1FHagq8re8nWveldnQHEQsToF3CJpwI.um8aHH6W'),
('B22DCCN106', 'Kim Thế Dương', '2005-02-13', 'Nam', 'D20CQCN01', 'DuongKT.B22CN106@stu.ptit.edu.vn', '03 4433 8267', 'Student', '$2b$12$YqNV70VK2/Ymy1FHagq8re8nWveldnQHEQsToF3CJpwI.um8aHH6W'),
('B22DCCN107', 'Cô Mai Dương', '2006-04-12', 'Nam', 'D20CQCN01', 'DuongCM.B22CN107@stu.ptit.edu.vn', '+84 28 5856042', 'Student', '$2b$12$YqNV70VK2/Ymy1FHagq8re8nWveldnQHEQsToF3CJpwI.um8aHH6W'),
('B22DCCN108', 'Cô Kim Đặng', '2002-08-30', 'Nữ', 'D20CQCN01', 'DangCK.B22CN108@stu.ptit.edu.vn', '+84-31-301 7386', 'Student', '$2b$12$YqNV70VK2/Ymy1FHagq8re8nWveldnQHEQsToF3CJpwI.um8aHH6W'),
('B22DCCN109', 'Bác Hưng Nguyễn', '2004-04-30', 'Nữ', 'D20CQCN01', 'NguyenBH.B22CN109@stu.ptit.edu.vn', '(09)850-7642', 'Student', '$2b$12$YqNV70VK2/Ymy1FHagq8re8nWveldnQHEQsToF3CJpwI.um8aHH6W'),
('B22DCDT100', 'Ông Trọng Phạm', '2005-10-09', 'Nữ', 'D20CQDT01', 'PhamÔT.B22DT100@stu.ptit.edu.vn', '08 5742351', 'Student', '$2b$12$YqNV70VK2/Ymy1FHagq8re8nWveldnQHEQsToF3CJpwI.um8aHH6W'),
('B22DCDT101', 'Anh Nam Trần', '2004-03-18', 'Nam', 'D20CQDT01', 'TranAN.B22DT101@stu.ptit.edu.vn', '+84 14 6465315', 'Student', '$2b$12$YqNV70VK2/Ymy1FHagq8re8nWveldnQHEQsToF3CJpwI.um8aHH6W'),
('B22DCDT102', 'Anh Phúc Đặng', '2005-09-17', 'Nữ', 'D20CQDT01', 'DangAP.B22DT102@stu.ptit.edu.vn', '+84 66 0032233', 'Student', '$2b$12$YqNV70VK2/Ymy1FHagq8re8nWveldnQHEQsToF3CJpwI.um8aHH6W'),
('B22DCDT103', 'Ông Hoàng Nguyễn', '2006-03-06', 'Nữ', 'D20CQDT01', 'NguyenÔH.B22DT103@stu.ptit.edu.vn', '+84 76 5173329', 'Student', '$2b$12$YqNV70VK2/Ymy1FHagq8re8nWveldnQHEQsToF3CJpwI.um8aHH6W'),
('B22DCDT104', 'Nhật Mai Hoàng', '2004-06-22', 'Nam', 'D20CQDT01', 'HoangNM.B22DT104@stu.ptit.edu.vn', '(00) 4651 7575', 'Student', '$2b$12$YqNV70VK2/Ymy1FHagq8re8nWveldnQHEQsToF3CJpwI.um8aHH6W'),
('B22DCDT105', 'Khoa Đức Lê', '2003-08-24', 'Nữ', 'D20CQDT01', 'LeKĐ.B22DT105@stu.ptit.edu.vn', '+84 12 8434557', 'Student', '$2b$12$YqNV70VK2/Ymy1FHagq8re8nWveldnQHEQsToF3CJpwI.um8aHH6W'),
('B22DCDT106', 'Trung Hoàng Phạm', '2006-10-19', 'Nữ', 'D20CQDT01', 'PhamTH.B22DT106@stu.ptit.edu.vn', '(09) 3883 3931', 'Student', '$2b$12$YqNV70VK2/Ymy1FHagq8re8nWveldnQHEQsToF3CJpwI.um8aHH6W'),
('B22DCDT107', 'Bác Nam Vũ', '2006-06-25', 'Nữ', 'D20CQDT01', 'VuBN.B22DT107@stu.ptit.edu.vn', '(00)612-6986', 'Student', '$2b$12$YqNV70VK2/Ymy1FHagq8re8nWveldnQHEQsToF3CJpwI.um8aHH6W'),
('B22DCDT108', 'Ông Anh Lê', '2003-12-05', 'Nam', 'D20CQDT01', 'LeÔA.B22DT108@stu.ptit.edu.vn', '+84-40-304 0921', 'Student', '$2b$12$YqNV70VK2/Ymy1FHagq8re8nWveldnQHEQsToF3CJpwI.um8aHH6W'),
('B22DCDT109', 'Nhật Tấn Bùi', '2006-01-26', 'Nữ', 'D20CQDT01', 'BuiNT.B22DT109@stu.ptit.edu.vn', '(09)250-8864', 'Student', '$2b$12$YqNV70VK2/Ymy1FHagq8re8nWveldnQHEQsToF3CJpwI.um8aHH6W'),
('B22DCVT100', 'Cô Hương Bùi', '2004-01-24', 'Nam', 'D20CQVT01', 'BuiCH.B22VT100@stu.ptit.edu.vn', '+84-58-469 9638', 'Student', '$2b$12$YqNV70VK2/Ymy1FHagq8re8nWveldnQHEQsToF3CJpwI.um8aHH6W'),
('B22DCVT101', 'Anh Bảo Hoàng', '2003-12-01', 'Nam', 'D20CQVT01', 'HoangAB.B22VT101@stu.ptit.edu.vn', '(08) 9649 5093', 'Student', '$2b$12$YqNV70VK2/Ymy1FHagq8re8nWveldnQHEQsToF3CJpwI.um8aHH6W'),
('B22DCVT102', 'Bà Thành Dương', '2003-08-17', 'Nam', 'D20CQVT01', 'DuongBT.B22VT102@stu.ptit.edu.vn', '00 7702 6263', 'Student', '$2b$12$YqNV70VK2/Ymy1FHagq8re8nWveldnQHEQsToF3CJpwI.um8aHH6W'),
('B22DCVT103', 'Nhiên Hải Hoàng', '2003-11-17', 'Nam', 'D20CQVT01', 'HoangNH.B22VT103@stu.ptit.edu.vn', '(07)625-3438', 'Student', '$2b$12$YqNV70VK2/Ymy1FHagq8re8nWveldnQHEQsToF3CJpwI.um8aHH6W'),
('B22DCVT104', 'Ông Châu Lê', '2003-11-02', 'Nam', 'D20CQVT01', 'LeÔC.B22VT104@stu.ptit.edu.vn', '+84 30 3895710', 'Student', '$2b$12$YqNV70VK2/Ymy1FHagq8re8nWveldnQHEQsToF3CJpwI.um8aHH6W'),
('B22DCVT105', 'Kim Xuân Hoàng', '2007-04-13', 'Nam', 'D20CQVT01', 'HoangKX.B22VT105@stu.ptit.edu.vn', '09 2920008', 'Student', '$2b$12$YqNV70VK2/Ymy1FHagq8re8nWveldnQHEQsToF3CJpwI.um8aHH6W'),
('B22DCVT106', 'Anh Quang Mai', '2002-12-30', 'Nữ', 'D20CQVT01', 'MaiAQ.B22VT106@stu.ptit.edu.vn', '+84 55 7040046', 'Student', '$2b$12$YqNV70VK2/Ymy1FHagq8re8nWveldnQHEQsToF3CJpwI.um8aHH6W'),
('B22DCVT107', 'Khoa Xuân Hoàng', '2003-09-05', 'Nam', 'D20CQVT01', 'HoangKX.B22VT107@stu.ptit.edu.vn', '02 4950 8958', 'Student', '$2b$12$YqNV70VK2/Ymy1FHagq8re8nWveldnQHEQsToF3CJpwI.um8aHH6W'),
('B22DCVT108', 'Thành Thị Lê', '2006-06-23', 'Nữ', 'D20CQVT01', 'LeTT.B22VT108@stu.ptit.edu.vn', '06 6242 4044', 'Student', '$2b$12$YqNV70VK2/Ymy1FHagq8re8nWveldnQHEQsToF3CJpwI.um8aHH6W'),
('B22DCVT109', 'Khoa Hải Hoàng', '2003-09-28', 'Nữ', 'D20CQVT01', 'HoangKH.B22VT109@stu.ptit.edu.vn', '(01)726-2211', 'Student', '$2b$12$YqNV70VK2/Ymy1FHagq8re8nWveldnQHEQsToF3CJpwI.um8aHH6W'),
('B23DCAT100', 'Chị Ngọc Phạm', '2007-03-15', 'Nam', 'D20CQAT01', 'PhamCN.B23AT100@stu.ptit.edu.vn', '+84-98-760 7391', 'Student', '$2b$12$YqNV70VK2/Ymy1FHagq8re8nWveldnQHEQsToF3CJpwI.um8aHH6W'),
('B23DCAT101', 'Bà Yến Nguyễn', '2004-08-09', 'Nữ', 'D20CQAT01', 'NguyenBY.B23AT101@stu.ptit.edu.vn', '+84 04 0097351', 'Student', '$2b$12$YqNV70VK2/Ymy1FHagq8re8nWveldnQHEQsToF3CJpwI.um8aHH6W'),
('B23DCAT102', 'Anh Hải Bùi', '2005-07-13', 'Nam', 'D20CQAT01', 'BuiAH.B23AT102@stu.ptit.edu.vn', '+84-83-668 6646', 'Student', '$2b$12$YqNV70VK2/Ymy1FHagq8re8nWveldnQHEQsToF3CJpwI.um8aHH6W'),
('B23DCAT103', 'Bà Linh Dương', '2002-06-10', 'Nam', 'D20CQAT01', 'DuongBL.B23AT103@stu.ptit.edu.vn', '(05) 4041 0514', 'Student', '$2b$12$YqNV70VK2/Ymy1FHagq8re8nWveldnQHEQsToF3CJpwI.um8aHH6W'),
('B23DCAT104', 'Ông Quang Mai', '2006-09-04', 'Nữ', 'D20CQAT01', 'MaiÔQ.B23AT104@stu.ptit.edu.vn', '+84 99 2600235', 'Student', '$2b$12$YqNV70VK2/Ymy1FHagq8re8nWveldnQHEQsToF3CJpwI.um8aHH6W'),
('B23DCAT105', 'Nam Thế Vũ', '2005-05-28', 'Nữ', 'D20CQAT01', 'VuNT.B23AT105@stu.ptit.edu.vn', '+84 89 6388612', 'Student', '$2b$12$YqNV70VK2/Ymy1FHagq8re8nWveldnQHEQsToF3CJpwI.um8aHH6W'),
('B23DCAT106', 'Hải Xuân Hoàng', '2003-06-06', 'Nữ', 'D20CQAT01', 'HoangHX.B23AT106@stu.ptit.edu.vn', '(01)223-9730', 'Student', '$2b$12$YqNV70VK2/Ymy1FHagq8re8nWveldnQHEQsToF3CJpwI.um8aHH6W'),
('B23DCAT107', 'Nam Văn Mai', '2005-12-11', 'Nam', 'D20CQAT01', 'MaiNV.B23AT107@stu.ptit.edu.vn', '+84-60-677 4402', 'Student', '$2b$12$YqNV70VK2/Ymy1FHagq8re8nWveldnQHEQsToF3CJpwI.um8aHH6W'),
('B23DCAT108', 'Huy Văn Hoàng', '2006-05-10', 'Nam', 'D20CQAT01', 'HoangHV.B23AT108@stu.ptit.edu.vn', '+84-21-174874', 'Student', '$2b$12$YqNV70VK2/Ymy1FHagq8re8nWveldnQHEQsToF3CJpwI.um8aHH6W'),
('B23DCAT109', 'Ông Hoàng Nguyễn', '2003-11-04', 'Nữ', 'D20CQAT01', 'NguyenÔH.B23AT109@stu.ptit.edu.vn', '+84-67-291032', 'Student', '$2b$12$YqNV70VK2/Ymy1FHagq8re8nWveldnQHEQsToF3CJpwI.um8aHH6W'),
('B23DCCN100', 'Chị Vân Bùi', '2004-02-25', 'Nữ', 'D20CQCN01', 'BuiCV.B23CN100@stu.ptit.edu.vn', '(05) 5549 5003', 'Student', '$2b$12$YqNV70VK2/Ymy1FHagq8re8nWveldnQHEQsToF3CJpwI.um8aHH6W'),
('B23DCCN101', 'Cô Nhật Mai', '2004-07-13', 'Nữ', 'D20CQCN01', 'MaiCN.B23CN101@stu.ptit.edu.vn', '+84 28 2273070', 'Student', '$2b$12$YqNV70VK2/Ymy1FHagq8re8nWveldnQHEQsToF3CJpwI.um8aHH6W'),
('B23DCCN102', 'Cô Hồng Đặng', '2007-04-02', 'Nữ', 'D20CQCN01', 'DangCH.B23CN102@stu.ptit.edu.vn', '01 1937128', 'Student', '$2b$12$YqNV70VK2/Ymy1FHagq8re8nWveldnQHEQsToF3CJpwI.um8aHH6W'),
('B23DCCN103', 'Hải Hữu Lê', '2006-11-17', 'Nam', 'D20CQCN01', 'LeHH.B23CN103@stu.ptit.edu.vn', '(07)207-7506', 'Student', '$2b$12$YqNV70VK2/Ymy1FHagq8re8nWveldnQHEQsToF3CJpwI.um8aHH6W'),
('B23DCCN104', 'Hải Hải Hoàng', '2005-08-05', 'Nam', 'D20CQCN01', 'HoangHH.B23CN104@stu.ptit.edu.vn', '+84 37 8140086', 'Student', '$2b$12$YqNV70VK2/Ymy1FHagq8re8nWveldnQHEQsToF3CJpwI.um8aHH6W'),
('B23DCCN105', 'Anh Minh Nguyễn', '2005-03-13', 'Nam', 'D20CQCN01', 'NguyenAM.B23CN105@stu.ptit.edu.vn', '(01)892-4952', 'Student', '$2b$12$YqNV70VK2/Ymy1FHagq8re8nWveldnQHEQsToF3CJpwI.um8aHH6W'),
('B23DCCN106', 'Chị Duyên Phạm', '2005-07-01', 'Nữ', 'D20CQCN01', 'PhamCD.B23CN106@stu.ptit.edu.vn', '07 0388100', 'Student', '$2b$12$YqNV70VK2/Ymy1FHagq8re8nWveldnQHEQsToF3CJpwI.um8aHH6W'),
('B23DCCN107', 'Bác Bảo Vũ', '2006-04-14', 'Nữ', 'D20CQCN01', 'VuBB.B23CN107@stu.ptit.edu.vn', '+84 90 1309423', 'Student', '$2b$12$YqNV70VK2/Ymy1FHagq8re8nWveldnQHEQsToF3CJpwI.um8aHH6W'),
('B23DCCN108', 'Bà Khoa Bùi', '2005-05-14', 'Nữ', 'D20CQCN01', 'BuiBK.B23CN108@stu.ptit.edu.vn', '(06)140-9780', 'Student', '$2b$12$YqNV70VK2/Ymy1FHagq8re8nWveldnQHEQsToF3CJpwI.um8aHH6W'),
('B23DCCN109', 'Thành Xuân Dương', '2002-05-28', 'Nam', 'D20CQCN01', 'DuongTX.B23CN109@stu.ptit.edu.vn', '+84-69-691 2703', 'Student', '$2b$12$YqNV70VK2/Ymy1FHagq8re8nWveldnQHEQsToF3CJpwI.um8aHH6W'),
('B23DCDT100', 'Bà Linh Dương', '2005-01-07', 'Nữ', 'D20CQDT01', 'DuongBL.B23DT100@stu.ptit.edu.vn', '+84-82-182 3484', 'Student', '$2b$12$YqNV70VK2/Ymy1FHagq8re8nWveldnQHEQsToF3CJpwI.um8aHH6W'),
('B23DCDT101', 'Bác Châu Vũ', '2004-10-23', 'Nữ', 'D20CQDT01', 'VuBC.B23DT101@stu.ptit.edu.vn', '+84-51-646389', 'Student', '$2b$12$YqNV70VK2/Ymy1FHagq8re8nWveldnQHEQsToF3CJpwI.um8aHH6W'),
('B23DCDT102', 'Bảo Mai Trần', '2005-02-22', 'Nam', 'D20CQDT01', 'TranBM.B23DT102@stu.ptit.edu.vn', '02 5472 7259', 'Student', '$2b$12$YqNV70VK2/Ymy1FHagq8re8nWveldnQHEQsToF3CJpwI.um8aHH6W'),
('B23DCDT103', 'Phương Trí Trần', '2003-08-08', 'Nữ', 'D20CQDT01', 'TranPT.B23DT103@stu.ptit.edu.vn', '+84-27-334 6511', 'Student', '$2b$12$YqNV70VK2/Ymy1FHagq8re8nWveldnQHEQsToF3CJpwI.um8aHH6W'),
('B23DCDT104', 'Kim Văn Phạm', '2003-01-11', 'Nữ', 'D20CQDT01', 'PhamKV.B23DT104@stu.ptit.edu.vn', '(07) 1686 9453', 'Student', '$2b$12$YqNV70VK2/Ymy1FHagq8re8nWveldnQHEQsToF3CJpwI.um8aHH6W'),
('B23DCDT105', 'Anh Hoàng Dương', '2004-09-18', 'Nam', 'D20CQDT01', 'DuongAH.B23DT105@stu.ptit.edu.vn', '(04)375-1177', 'Student', '$2b$12$YqNV70VK2/Ymy1FHagq8re8nWveldnQHEQsToF3CJpwI.um8aHH6W'),
('B23DCDT106', 'Anh Anh Lê', '2006-08-05', 'Nam', 'D20CQDT01', 'LeAA.B23DT106@stu.ptit.edu.vn', '+84-69-886009', 'Student', '$2b$12$YqNV70VK2/Ymy1FHagq8re8nWveldnQHEQsToF3CJpwI.um8aHH6W'),
('B23DCDT107', 'Chị Hạnh Mai', '2002-12-24', 'Nữ', 'D20CQDT01', 'MaiCH.B23DT107@stu.ptit.edu.vn', '+84 13 4078743', 'Student', '$2b$12$YqNV70VK2/Ymy1FHagq8re8nWveldnQHEQsToF3CJpwI.um8aHH6W'),
('B23DCDT108', 'Khoa Hữu Vũ', '2004-01-27', 'Nữ', 'D20CQDT01', 'VuKH.B23DT108@stu.ptit.edu.vn', '02 4538910', 'Student', '$2b$12$YqNV70VK2/Ymy1FHagq8re8nWveldnQHEQsToF3CJpwI.um8aHH6W'),
('B23DCDT109', 'Anh Trung Vũ', '2004-08-27', 'Nam', 'D20CQDT01', 'VuAT.B23DT109@stu.ptit.edu.vn', '(00) 2359 5887', 'Student', '$2b$12$YqNV70VK2/Ymy1FHagq8re8nWveldnQHEQsToF3CJpwI.um8aHH6W'),
('B23DCVT100', 'Ông Bảo Hoàng', '2005-07-19', 'Nam', 'D20CQVT01', 'HoangÔB.B23VT100@stu.ptit.edu.vn', '03 3302893', 'Student', '$2b$12$YqNV70VK2/Ymy1FHagq8re8nWveldnQHEQsToF3CJpwI.um8aHH6W'),
('B23DCVT101', 'Cô Duyên Lê', '2003-05-07', 'Nam', 'D20CQVT01', 'LeCD.B23VT101@stu.ptit.edu.vn', '(03)800-6439', 'Student', '$2b$12$YqNV70VK2/Ymy1FHagq8re8nWveldnQHEQsToF3CJpwI.um8aHH6W'),
('B23DCVT102', 'Khoa Hoàng Dương', '2003-05-06', 'Nam', 'D20CQVT01', 'DuongKH.B23VT102@stu.ptit.edu.vn', '+84-00-054354', 'Student', '$2b$12$YqNV70VK2/Ymy1FHagq8re8nWveldnQHEQsToF3CJpwI.um8aHH6W'),
('B23DCVT103', 'An Mai Vũ', '2002-08-14', 'Nam', 'D20CQVT01', 'VuAM.B23VT103@stu.ptit.edu.vn', '02 5203 4209', 'Student', '$2b$12$YqNV70VK2/Ymy1FHagq8re8nWveldnQHEQsToF3CJpwI.um8aHH6W'),
('B23DCVT104', 'Ông Trọng Nguyễn', '2002-07-01', 'Nữ', 'D20CQVT01', 'NguyenÔT.B23VT104@stu.ptit.edu.vn', '02 7533 9672', 'Student', '$2b$12$YqNV70VK2/Ymy1FHagq8re8nWveldnQHEQsToF3CJpwI.um8aHH6W'),
('B23DCVT105', 'Chị Bảo Hoàng', '2006-03-15', 'Nữ', 'D20CQVT01', 'HoangCB.B23VT105@stu.ptit.edu.vn', '08 4069 5340', 'Student', '$2b$12$YqNV70VK2/Ymy1FHagq8re8nWveldnQHEQsToF3CJpwI.um8aHH6W'),
('B23DCVT106', 'Anh Đức Mai', '2006-03-14', 'Nam', 'D20CQVT01', 'MaiAĐ.B23VT106@stu.ptit.edu.vn', '+84-10-623 9385', 'Student', '$2b$12$YqNV70VK2/Ymy1FHagq8re8nWveldnQHEQsToF3CJpwI.um8aHH6W'),
('B23DCVT107', 'Châu Mai Nguyễn', '2004-04-19', 'Nữ', 'D20CQVT01', 'NguyenCM.B23VT107@stu.ptit.edu.vn', '+84-78-286 2711', 'Student', '$2b$12$YqNV70VK2/Ymy1FHagq8re8nWveldnQHEQsToF3CJpwI.um8aHH6W'),
('B23DCVT108', 'Nhiên Xuân Mai', '2004-12-15', 'Nữ', 'D20CQVT01', 'MaiNX.B23VT108@stu.ptit.edu.vn', '03 4683239', 'Student', '$2b$12$YqNV70VK2/Ymy1FHagq8re8nWveldnQHEQsToF3CJpwI.um8aHH6W'),
('B23DCVT109', 'Bảo Xuân Hoàng', '2007-03-06', 'Nam', 'D20CQVT01', 'HoangBX.B23VT109@stu.ptit.edu.vn', '+84-55-419657', 'Student', '$2b$12$YqNV70VK2/Ymy1FHagq8re8nWveldnQHEQsToF3CJpwI.um8aHH6W');

--
-- Indexes for dumped tables
--

--
-- Indexes for table `companies`
--
ALTER TABLE `companies`
  ADD PRIMARY KEY (`company_id`);

--
-- Indexes for table `grades`
--
ALTER TABLE `grades`
  ADD PRIMARY KEY (`id`),
  ADD KEY `user_id` (`user_id`),
  ADD KEY `subject_id` (`subject_id`),
  ADD KEY `semester_id` (`semester_id`);

--
-- Indexes for table `semesters`
--
ALTER TABLE `semesters`
  ADD PRIMARY KEY (`semester_id`);

--
-- Indexes for table `subjects`
--
ALTER TABLE `subjects`
  ADD PRIMARY KEY (`subject_id`);

--
-- Indexes for table `users`
--
ALTER TABLE `users`
  ADD PRIMARY KEY (`user_id`);

--
-- AUTO_INCREMENT for dumped tables
--

--
-- AUTO_INCREMENT for table `grades`
--
ALTER TABLE `grades`
  MODIFY `id` int(11) NOT NULL AUTO_INCREMENT, AUTO_INCREMENT=553;

--
-- AUTO_INCREMENT for table `semesters`
--
ALTER TABLE `semesters`
  MODIFY `semester_id` int(11) NOT NULL AUTO_INCREMENT, AUTO_INCREMENT=20243;

--
-- Constraints for dumped tables
--

--
-- Constraints for table `grades`
--
ALTER TABLE `grades`
  ADD CONSTRAINT `grades_ibfk_1` FOREIGN KEY (`user_id`) REFERENCES `users` (`user_id`),
  ADD CONSTRAINT `grades_ibfk_2` FOREIGN KEY (`subject_id`) REFERENCES `subjects` (`subject_id`),
  ADD CONSTRAINT `grades_ibfk_3` FOREIGN KEY (`semester_id`) REFERENCES `semesters` (`semester_id`);
COMMIT;

/*!40101 SET CHARACTER_SET_CLIENT=@OLD_CHARACTER_SET_CLIENT */;
/*!40101 SET CHARACTER_SET_RESULTS=@OLD_CHARACTER_SET_RESULTS */;
/*!40101 SET COLLATION_CONNECTION=@OLD_COLLATION_CONNECTION */;
